Date,low
2014-12-11,111.55000305175781
2014-12-12,116.69999694824219
2014-12-15,123.8499984741211
2014-12-16,122.0
2014-12-17,130.8000030517578
2014-12-18,132.85000610351562
2014-12-19,120.44999694824219
2014-12-22,120.0
2014-12-23,111.5999984741211
2014-12-24,113.3499984741211
2014-12-26,127.0
2014-12-29,122.6500015258789
2014-12-30,121.5
2014-12-31,125.55000305175781
2015-01-02,122.0
2015-01-05,116.4000015258789
2015-01-06,112.0
2015-01-07,112.75
2015-01-08,114.75
2015-01-09,113.5
2015-01-12,103.4000015258789
2015-01-13,95.75
2015-01-14,97.5
2015-01-15,107.9000015258789
2015-01-16,108.1500015258789
2015-01-20,107.55000305175781
2015-01-21,100.75
2015-01-22,96.6500015258789
2015-01-23,93.1500015258789
2015-01-26,95.0
2015-01-27,98.1500015258789
2015-01-28,99.6500015258789
2015-01-29,94.44999694824219
2015-01-30,93.5
2015-02-02,91.5
2015-02-03,98.19999694824219
2015-02-04,99.30000305175781
2015-02-05,99.5
2015-02-06,100.9000015258789
2015-02-09,101.94999694824219
2015-02-10,104.25
2015-02-11,106.0
2015-02-12,105.25
2015-02-13,105.5999984741211
2015-02-17,110.0
2015-02-18,112.69999694824219
2015-02-19,109.1500015258789
2015-02-20,110.0
2015-02-23,114.1500015258789
2015-02-24,112.0999984741211
2015-02-25,97.5
2015-02-26,100.94999694824219
2015-02-27,100.44999694824219
2015-03-02,99.0
2015-03-03,98.30000305175781
2015-03-04,96.4000015258789
2015-03-05,98.25
2015-03-06,98.8499984741211
2015-03-09,96.5
2015-03-10,95.25
2015-03-11,95.5
2015-03-12,96.0999984741211
2015-03-13,95.05000305175781
2015-03-16,93.0
2015-03-17,94.0
2015-03-18,93.44999694824219
2015-03-19,95.75
2015-03-20,99.05000305175781
2015-03-23,99.3499984741211
2015-03-24,101.25
2015-03-25,97.55000305175781
2015-03-26,97.25
2015-03-27,96.25
2015-03-30,96.5
2015-03-31,95.25
2015-04-01,95.07499694824219
2015-04-02,95.1500015258789
2015-04-06,95.5
2015-04-07,95.55000305175781
2015-04-08,95.125
2015-04-09,91.9000015258789
2015-04-10,89.9000015258789
2015-04-13,88.05000305175781
2015-04-14,92.0
2015-04-15,93.0999984741211
2015-04-16,96.3499984741211
2015-04-17,95.1500015258789
2015-04-20,94.8499984741211
2015-04-21,96.30000305175781
2015-04-22,94.6500015258789
2015-04-23,92.5999984741211
2015-04-24,90.80000305175781
2015-04-27,89.94999694824219
2015-04-28,89.05000305175781
2015-04-29,86.0
2015-04-30,86.30000305175781
2015-05-01,85.80000305175781
2015-05-04,88.69999694824219
2015-05-05,85.80000305175781
2015-05-06,89.05000305175781
2015-05-07,85.3499984741211
2015-05-08,80.8499984741211
2015-05-11,81.02999877929688
2015-05-12,84.0
2015-05-13,84.1500015258789
2015-05-14,84.30000305175781
2015-05-15,83.6500015258789
2015-05-18,84.69999694824219
2015-05-19,86.94999694824219
2015-05-20,86.83000183105469
2015-05-21,86.80000305175781
2015-05-22,89.0999984741211
2015-05-26,90.75
2015-05-27,92.0
2015-05-28,93.4000015258789
2015-05-29,94.0
2015-06-01,93.5
2015-06-02,94.04000091552734
2015-06-03,94.6500015258789
2015-06-04,90.0
2015-06-05,91.0999984741211
2015-06-08,86.3499984741211
2015-06-09,82.1500015258789
2015-06-10,86.0
2015-06-11,85.5
2015-06-12,85.0
2015-06-15,84.05000305175781
2015-06-16,83.1500015258789
2015-06-17,85.8499984741211
2015-06-18,83.80000305175781
2015-06-19,85.0
2015-06-22,83.0999984741211
2015-06-23,81.9000015258789
2015-06-24,80.80000305175781
2015-06-25,78.19999694824219
2015-06-26,75.8499984741211
2015-06-29,71.80000305175781
2015-06-30,72.6500015258789
2015-07-01,72.30000305175781
2015-07-02,68.1500015258789
2015-07-06,67.5
2015-07-07,69.19999694824219
2015-07-08,70.25
2015-07-09,70.9000015258789
2015-07-10,69.9000015258789
2015-07-13,70.05000305175781
2015-07-14,70.55000305175781
2015-07-15,70.69999694824219
2015-07-16,71.8499984741211
2015-07-17,72.3499984741211
2015-07-20,72.5
2015-07-21,72.5
2015-07-22,72.44999694824219
2015-07-23,73.8499984741211
2015-07-24,72.1500015258789
2015-07-27,70.3499984741211
2015-07-28,70.9000015258789
2015-07-29,72.25
2015-07-30,72.05000305175781
2015-07-31,72.44999694824219
2015-08-03,70.9000015258789
2015-08-04,65.875
2015-08-05,69.1500015258789
2015-08-06,66.94999694824219
2015-08-07,68.7750015258789
2015-08-10,69.3499984741211
2015-08-11,69.55000305175781
2015-08-12,67.1500015258789
2015-08-13,69.0999984741211
2015-08-14,67.55000305175781
2015-08-17,67.5
2015-08-18,65.75
2015-08-19,63.5
2015-08-20,60.92499923706055
2015-08-21,60.150001525878906
2015-08-24,51.400001525878906
2015-08-25,59.04999923706055
2015-08-26,58.70000076293945
2015-08-27,60.70000076293945
2015-08-28,61.400001525878906
2015-08-31,62.07500076293945
2015-09-01,59.75
2015-09-02,60.25
2015-09-03,60.75
2015-09-04,59.25
2015-09-08,60.20000076293945
2015-09-09,61.5
2015-09-10,61.20000076293945
2015-09-11,61.650001525878906
2015-09-14,62.25
2015-09-15,64.3499984741211
2015-09-16,64.6500015258789
2015-09-17,64.69999694824219
2015-09-18,66.4000015258789
2015-09-21,67.5999984741211
2015-09-22,66.80000305175781
2015-09-23,65.5999984741211
2015-09-24,64.69999694824219
2015-09-25,65.0
2015-09-28,64.69999694824219
2015-09-29,64.5
2015-09-30,65.5
2015-10-01,65.25
2015-10-02,62.29999923706055
2015-10-05,65.75
2015-10-06,67.4000015258789
2015-10-07,70.2750015258789
2015-10-08,71.44999694824219
2015-10-09,72.5999984741211
2015-10-12,71.25
2015-10-13,70.55000305175781
2015-10-14,70.4000015258789
2015-10-15,72.25
2015-10-16,70.44999694824219
2015-10-19,71.05000305175781
2015-10-20,70.5
2015-10-21,70.69999694824219
2015-10-22,70.75
2015-10-23,71.25
2015-10-26,70.7750015258789
2015-10-27,66.05000305175781
2015-10-28,67.0
2015-10-29,65.05000305175781
2015-10-30,68.0999984741211
2015-11-02,70.54499816894531
2015-11-03,71.30000305175781
2015-11-04,72.5
2015-11-05,69.75
2015-11-06,70.9000015258789
2015-11-09,71.0999984741211
2015-11-10,69.8499984741211
2015-11-11,68.0999984741211
2015-11-12,66.05000305175781
2015-11-13,63.5
2015-11-16,62.07500076293945
2015-11-17,63.599998474121094
2015-11-18,62.5
2015-11-19,63.099998474121094
2015-11-20,62.599998474121094
2015-11-23,61.29999923706055
2015-11-24,58.900001525878906
2015-11-25,60.79999923706055
2015-11-27,61.45000076293945
2015-11-30,59.900001525878906
2015-12-01,59.900001525878906
2015-12-02,61.25
2015-12-03,61.599998474121094
2015-12-04,61.150001525878906
2015-12-07,63.75
2015-12-08,65.0999984741211
2015-12-09,68.9000015258789
2015-12-10,69.80000305175781
2015-12-11,67.75
2015-12-14,63.70000076293945
2015-12-15,61.20000076293945
2015-12-16,60.70000076293945
2015-12-17,60.150001525878906
2015-12-18,56.099998474121094
2015-12-21,56.0
2015-12-22,56.25
2015-12-23,56.25
2015-12-24,56.5
2015-12-28,54.150001525878906
2015-12-29,54.349998474121094
2015-12-30,53.849998474121094
2015-12-31,54.150001525878906
2016-01-04,53.0
2016-01-05,53.5
2016-01-06,50.54999923706055
2016-01-07,46.5
2016-01-08,47.04999923706055
2016-01-11,45.57500076293945
2016-01-12,46.04999923706055
2016-01-13,43.849998474121094
2016-01-14,38.775001525878906
2016-01-15,37.29999923706055
2016-01-19,35.25
2016-01-20,33.400001525878906
2016-01-21,38.29999923706055
2016-01-22,41.20000076293945
2016-01-25,39.75
2016-01-26,38.79999923706055
2016-01-27,37.29999923706055
2016-01-28,36.349998474121094
2016-01-29,35.525001525878906
2016-02-01,34.95000076293945
2016-02-02,33.79999923706055
2016-02-03,33.95000076293945
2016-02-04,36.95000076293945
2016-02-05,34.150001525878906
2016-02-08,32.900001525878906
2016-02-09,31.700000762939453
2016-02-10,32.20000076293945
2016-02-11,32.099998474121094
2016-02-12,33.04999923706055
2016-02-16,35.5
2016-02-17,39.5
2016-02-18,40.244998931884766
2016-02-19,42.900001525878906
2016-02-22,44.70000076293945
2016-02-23,42.79999923706055
2016-02-24,40.54999923706055
2016-02-25,40.099998474121094
2016-02-26,41.20000076293945
2016-02-29,41.79999923706055
2016-03-01,42.29999923706055
2016-03-02,43.400001525878906
2016-03-03,45.20000076293945
2016-03-04,44.54999923706055
2016-03-07,44.70000076293945
2016-03-08,44.32500076293945
2016-03-09,43.25
2016-03-10,43.70000076293945
2016-03-11,44.54999923706055
2016-03-14,44.95000076293945
2016-03-15,42.45000076293945
2016-03-16,39.974998474121094
2016-03-17,40.599998474121094
2016-03-18,42.349998474121094
2016-03-21,42.20000076293945
2016-03-22,42.099998474121094
2016-03-23,39.95000076293945
2016-03-24,40.04999923706055
2016-03-28,37.5
2016-03-29,37.5
2016-03-30,40.0
2016-03-31,40.150001525878906
2016-04-01,39.54999923706055
2016-04-04,40.099998474121094
2016-04-05,38.79999923706055
2016-04-06,39.54999923706055
2016-04-07,38.70000076293945
2016-04-08,38.75
2016-04-11,38.20000076293945
2016-04-12,35.625
2016-04-13,37.04999923706055
2016-04-14,35.599998474121094
2016-04-15,35.95000076293945
2016-04-18,36.099998474121094
2016-04-19,37.75
2016-04-20,40.25
2016-04-21,37.04999923706055
2016-04-22,37.75
2016-04-25,36.70000076293945
2016-04-26,36.70000076293945
2016-04-27,37.20000076293945
2016-04-28,40.04999923706055
2016-04-29,39.150001525878906
2016-05-02,38.54999923706055
2016-05-03,35.150001525878906
2016-05-04,34.0
2016-05-05,32.599998474121094
2016-05-06,33.540000915527344
2016-05-09,22.700000762939453
2016-05-10,19.899999618530273
2016-05-11,19.75
2016-05-12,18.350000381469727
2016-05-13,17.5
2016-05-16,17.950000762939453
2016-05-17,17.200000762939453
2016-05-18,18.045000076293945
2016-05-19,18.125
2016-05-20,18.549999237060547
2016-05-23,20.950000762939453
2016-05-24,21.75
2016-05-25,21.299999237060547
2016-05-26,21.25
2016-05-27,23.200000762939453
2016-05-31,23.049999237060547
2016-06-01,23.25
2016-06-02,24.25
2016-06-03,23.0
2016-06-06,23.405000686645508
2016-06-07,21.700000762939453
2016-06-08,21.0
2016-06-09,21.399999618530273
2016-06-10,21.0
2016-06-13,20.649999618530273
2016-06-14,20.899999618530273
2016-06-15,22.100000381469727
2016-06-16,23.049999237060547
2016-06-17,23.905000686645508
2016-06-20,24.399999618530273
2016-06-21,24.100000381469727
2016-06-22,24.075000762939453
2016-06-23,24.25
2016-06-24,22.899999618530273
2016-06-27,21.299999237060547
2016-06-28,21.950000762939453
2016-06-29,22.5
2016-06-30,21.299999237060547
2016-07-01,21.600000381469727
2016-07-05,20.25
2016-07-06,20.149999618530273
2016-07-07,20.75
2016-07-08,21.299999237060547
2016-07-11,21.350000381469727
2016-07-12,20.450000762939453
2016-07-13,20.75
2016-07-14,21.049999237060547
2016-07-15,22.149999618530273
2016-07-18,22.350000381469727
2016-07-19,22.299999237060547
2016-07-20,22.450000762939453
2016-07-21,22.75
2016-07-22,22.0
2016-07-25,21.5
2016-07-26,21.549999237060547
2016-07-27,22.549999237060547
2016-07-28,22.950000762939453
2016-07-29,22.649999618530273
2016-08-01,22.774999618530273
2016-08-02,22.0
2016-08-03,22.149999618530273
2016-08-04,22.649999618530273
2016-08-05,23.0
2016-08-08,23.549999237060547
2016-08-09,21.5
2016-08-10,23.25
2016-08-11,24.100000381469727
2016-08-12,26.489999771118164
2016-08-15,27.049999237060547
2016-08-16,27.700000762939453
2016-08-17,26.649999618530273
2016-08-18,27.0
2016-08-19,27.149999618530273
2016-08-22,26.549999237060547
2016-08-23,25.75
2016-08-24,26.200000762939453
2016-08-25,27.049999237060547
2016-08-26,26.75
2016-08-29,26.950000762939453
2016-08-30,27.274999618530273
2016-08-31,26.75
2016-09-01,26.25
2016-09-02,26.450000762939453
2016-09-06,26.75
2016-09-07,26.450000762939453
2016-09-08,26.5
2016-09-09,26.799999237060547
2016-09-12,26.549999237060547
2016-09-13,27.399999618530273
2016-09-14,28.25
2016-09-15,28.700000762939453
2016-09-16,30.850000381469727
2016-09-19,30.399999618530273
2016-09-20,29.649999618530273
2016-09-21,30.100000381469727
2016-09-22,30.299999237060547
2016-09-23,30.450000762939453
2016-09-26,30.350000381469727
2016-09-27,30.549999237060547
2016-09-28,30.0
2016-09-29,30.149999618530273
2016-09-30,30.149999618530273
2016-10-03,30.399999618530273
2016-10-04,30.350000381469727
2016-10-05,30.674999237060547
2016-10-06,30.149999618530273
2016-10-07,29.325000762939453
2016-10-10,29.850000381469727
2016-10-11,28.600000381469727
2016-10-12,27.450000762939453
2016-10-13,26.850000381469727
2016-10-14,26.799999237060547
2016-10-17,24.200000762939453
2016-10-18,24.049999237060547
2016-10-19,24.100000381469727
2016-10-20,24.270000457763672
2016-10-21,23.899999618530273
2016-10-24,24.049999237060547
2016-10-25,24.100000381469727
2016-10-26,23.700000762939453
2016-10-27,23.399999618530273
2016-10-28,23.450000762939453
2016-10-31,23.200000762939453
2016-11-01,23.75
2016-11-02,23.600000381469727
2016-11-03,24.524999618530273
2016-11-04,24.950000762939453
2016-11-07,28.350000381469727
2016-11-08,28.350000381469727
2016-11-09,26.5
2016-11-10,27.700000762939453
2016-11-11,28.549999237060547
2016-11-14,30.600000381469727
2016-11-15,30.69499969482422
2016-11-16,31.350000381469727
2016-11-17,29.600000381469727
2016-11-18,29.75
2016-11-21,29.649999618530273
2016-11-22,29.174999237060547
2016-11-23,28.549999237060547
2016-11-25,28.5
2016-11-28,28.75
2016-11-29,27.700000762939453
2016-11-30,27.5
2016-12-01,26.399999618530273
2016-12-02,25.649999618530273
2016-12-05,26.049999237060547
2016-12-06,26.299999237060547
2016-12-07,27.600000381469727
2016-12-08,28.0
2016-12-09,27.454999923706055
2016-12-12,26.674999237060547
2016-12-13,26.549999237060547
2016-12-14,25.950000762939453
2016-12-15,25.149999618530273
2016-12-16,25.799999237060547
2016-12-19,25.600000381469727
2016-12-20,25.899999618530273
2016-12-21,25.799999237060547
2016-12-22,25.850000381469727
2016-12-23,26.049999237060547
2016-12-27,25.950000762939453
2016-12-28,25.924999237060547
2016-12-29,25.75
2016-12-30,25.700000762939453
2017-01-03,26.25
2017-01-04,27.0
2017-01-05,27.700000762939453
2017-01-06,28.049999237060547
2017-01-09,27.649999618530273
2017-01-10,28.149999618530273
2017-01-11,27.899999618530273
2017-01-12,27.149999618530273
2017-01-13,27.950000762939453
2017-01-17,27.149999618530273
2017-01-18,27.049999237060547
2017-01-19,27.450000762939453
2017-01-20,28.350000381469727
2017-01-23,28.350000381469727
2017-01-24,28.049999237060547
2017-01-25,29.899999618530273
2017-01-26,29.625
2017-01-27,30.049999237060547
2017-01-30,29.350000381469727
2017-01-31,29.799999237060547
2017-02-01,30.850000381469727
2017-02-02,31.0
2017-02-03,31.100000381469727
2017-02-06,31.0
2017-02-07,30.950000762939453
2017-02-08,30.75
2017-02-09,31.0
2017-02-10,32.0
2017-02-13,32.849998474121094
2017-02-14,32.45000076293945
2017-02-15,30.049999237060547
2017-02-16,28.700000762939453
2017-02-17,28.0
2017-02-21,28.100000381469727
2017-02-22,28.024999618530273
2017-02-23,27.049999237060547
2017-02-24,26.799999237060547
2017-02-27,27.100000381469727
2017-02-28,26.649999618530273
2017-03-01,25.850000381469727
2017-03-02,26.200000762939453
2017-03-03,25.149999618530273
2017-03-06,24.950000762939453
2017-03-07,25.149999618530273
2017-03-08,25.399999618530273
2017-03-09,26.299999237060547
2017-03-10,26.350000381469727
2017-03-13,26.200000762939453
2017-03-14,25.75
2017-03-15,25.899999618530273
2017-03-16,27.25
2017-03-17,26.799999237060547
2017-03-20,26.649999618530273
2017-03-21,25.350000381469727
2017-03-22,25.600000381469727
2017-03-23,25.899999618530273
2017-03-24,26.0
2017-03-27,25.399999618530273
2017-03-28,26.149999618530273
2017-03-29,26.850000381469727
2017-03-30,26.549999237060547
2017-03-31,26.700000762939453
2017-04-03,26.274999618530273
2017-04-04,25.899999618530273
2017-04-05,25.850000381469727
2017-04-06,26.149999618530273
2017-04-07,26.225000381469727
2017-04-10,26.5
2017-04-11,26.700000762939453
2017-04-12,27.5
2017-04-13,27.149999618530273
2017-04-17,26.799999237060547
2017-04-18,27.075000762939453
2017-04-19,28.25
2017-04-20,28.600000381469727
2017-04-21,28.450000762939453
2017-04-24,29.049999237060547
2017-04-25,29.049999237060547
2017-04-26,29.375
2017-04-27,29.674999237060547
2017-04-28,29.25
2017-05-01,29.399999618530273
2017-05-02,29.100000381469727
2017-05-03,28.5
2017-05-04,30.0
2017-05-05,28.049999237060547
2017-05-08,27.450000762939453
2017-05-09,27.475000381469727
2017-05-10,29.049999237060547
2017-05-11,28.850000381469727
2017-05-12,29.049999237060547
2017-05-15,29.0
2017-05-16,29.100000381469727
2017-05-17,27.649999618530273
2017-05-18,27.600000381469727
2017-05-19,27.75
2017-05-22,28.5
2017-05-23,29.299999237060547
2017-05-24,29.049999237060547
2017-05-25,28.600000381469727
2017-05-26,27.100000381469727
2017-05-30,27.350000381469727
2017-05-31,26.600000381469727
2017-06-01,27.325000762939453
2017-06-02,27.649999618530273
2017-06-05,27.850000381469727
2017-06-06,27.799999237060547
2017-06-07,28.149999618530273
2017-06-08,28.450000762939453
2017-06-09,28.350000381469727
2017-06-12,28.100000381469727
2017-06-13,27.950000762939453
2017-06-14,28.350000381469727
2017-06-15,27.850000381469727
2017-06-16,27.850000381469727
2017-06-19,28.149999618530273
2017-06-20,28.200000762939453
2017-06-21,27.450000762939453
2017-06-22,27.600000381469727
2017-06-23,28.149999618530273
2017-06-26,28.045000076293945
2017-06-27,27.700000762939453
2017-06-28,27.700000762939453
2017-06-29,27.600000381469727
2017-06-30,27.549999237060547
2017-07-03,27.549999237060547
2017-07-05,27.600000381469727
2017-07-06,26.350000381469727
2017-07-07,26.649999618530273
2017-07-10,26.350000381469727
2017-07-11,26.649999618530273
2017-07-12,26.850000381469727
2017-07-13,26.549999237060547
2017-07-14,26.600000381469727
2017-07-17,25.850000381469727
2017-07-18,25.950000762939453
2017-07-19,25.700000762939453
2017-07-20,25.75
2017-07-21,25.600000381469727
2017-07-24,25.299999237060547
2017-07-25,25.5
2017-07-26,25.25
2017-07-27,25.100000381469727
2017-07-28,25.75
2017-07-31,25.350000381469727
2017-08-01,25.100000381469727
2017-08-02,24.600000381469727
2017-08-03,25.25
2017-08-04,25.5
2017-08-07,25.649999618530273
2017-08-08,28.899999618530273
2017-08-09,29.799999237060547
2017-08-10,29.299999237060547
2017-08-11,28.575000762939453
2017-08-14,28.700000762939453
2017-08-15,28.899999618530273
2017-08-16,29.450000762939453
2017-08-17,29.049999237060547
2017-08-18,28.799999237060547
2017-08-21,29.850000381469727
2017-08-22,29.850000381469727
2017-08-23,29.399999618530273
2017-08-24,30.399999618530273
2017-08-25,30.5
2017-08-28,30.149999618530273
2017-08-29,29.950000762939453
2017-08-30,30.5
2017-08-31,30.600000381469727
2017-09-01,30.799999237060547
2017-09-05,30.600000381469727
2017-09-06,30.600000381469727
2017-09-07,29.950000762939453
2017-09-08,29.024999618530273
2017-09-11,29.5
2017-09-12,30.674999237060547
2017-09-13,30.899999618530273
2017-09-14,30.25
2017-09-15,30.149999618530273
2017-09-18,30.399999618530273
2017-09-19,29.850000381469727
2017-09-20,29.799999237060547
2017-09-21,30.200000762939453
2017-09-22,30.25
2017-09-25,29.75
2017-09-26,29.774999618530273
2017-09-27,29.899999618530273
2017-09-28,30.600000381469727
2017-09-29,30.299999237060547
2017-10-02,30.5
2017-10-03,31.25
2017-10-04,31.700000762939453
2017-10-05,31.5
2017-10-06,31.799999237060547
2017-10-09,31.575000762939453
2017-10-10,31.5
2017-10-11,31.649999618530273
2017-10-12,31.149999618530273
2017-10-13,31.75
2017-10-16,31.5
2017-10-17,31.149999618530273
2017-10-18,30.450000762939453
2017-10-19,29.549999237060547
2017-10-20,29.649999618530273
2017-10-23,28.399999618530273
2017-10-24,27.450000762939453
2017-10-25,27.75
2017-10-26,28.100000381469727
2017-10-27,28.049999237060547
2017-10-30,28.274999618530273
2017-10-31,28.325000762939453
2017-11-01,27.850000381469727
2017-11-02,27.549999237060547
2017-11-03,27.75
2017-11-06,28.0
2017-11-07,27.200000762939453
2017-11-08,21.0
2017-11-09,21.0
2017-11-10,21.299999237060547
2017-11-13,20.799999237060547
2017-11-14,20.700000762939453
2017-11-15,20.25
2017-11-16,21.0
2017-11-17,21.200000762939453
2017-11-20,21.149999618530273
2017-11-21,21.0
2017-11-22,21.299999237060547
2017-11-24,21.200000762939453
2017-11-27,20.75
2017-11-28,20.649999618530273
2017-11-29,21.665000915527344
2017-11-30,21.75
2017-12-01,20.899999618530273
2017-12-04,21.350000381469727
2017-12-05,21.25
2017-12-06,20.799999237060547
2017-12-07,16.450000762939453
2017-12-08,17.299999237060547
2017-12-11,17.0
2017-12-12,19.649999618530273
2017-12-13,18.850000381469727
2017-12-14,19.649999618530273
2017-12-15,19.5
2017-12-18,20.274999618530273
2017-12-19,20.149999618530273
2017-12-20,20.049999237060547
2017-12-21,20.399999618530273
2017-12-22,20.200000762939453
2017-12-26,20.450000762939453
2017-12-27,20.5
2017-12-28,20.415000915527344
2017-12-29,20.5
2018-01-02,20.674999237060547
2018-01-03,20.899999618530273
2018-01-04,20.350000381469727
2018-01-05,20.25
2018-01-08,20.149999618530273
2018-01-09,19.549999237060547
2018-01-10,19.450000762939453
2018-01-11,20.850000381469727
2018-01-12,21.049999237060547
2018-01-16,20.350000381469727
2018-01-17,20.399999618530273
2018-01-18,20.350000381469727
2018-01-19,20.049999237060547
2018-01-22,20.0
2018-01-23,20.149999618530273
2018-01-24,20.350000381469727
2018-01-25,20.049999237060547
2018-01-26,20.075000762939453
2018-01-29,20.0
2018-01-30,19.149999618530273
2018-01-31,18.25
2018-02-01,18.0
2018-02-02,18.200000762939453
2018-02-05,17.899999618530273
2018-02-06,17.549999237060547
2018-02-07,18.200000762939453
2018-02-08,18.350000381469727
2018-02-09,17.850000381469727
2018-02-12,17.850000381469727
2018-02-13,18.450000762939453
2018-02-14,18.5
2018-02-15,19.299999237060547
2018-02-16,19.5
2018-02-20,19.75
2018-02-21,18.0
2018-02-22,18.700000762939453
2018-02-23,16.700000762939453
2018-02-26,16.25
2018-02-27,16.0
2018-02-28,15.449999809265137
2018-03-01,15.699999809265137
2018-03-02,17.600000381469727
2018-03-05,18.899999618530273
2018-03-06,19.149999618530273
2018-03-07,19.049999237060547
2018-03-08,19.149999618530273
2018-03-09,19.424999237060547
2018-03-12,19.649999618530273
2018-03-13,18.850000381469727
2018-03-14,18.899999618530273
2018-03-15,18.600000381469727
2018-03-16,18.75
2018-03-19,18.899999618530273
2018-03-20,18.75
2018-03-21,18.25
2018-03-22,18.049999237060547
2018-03-23,17.600000381469727
2018-03-26,17.75
2018-03-27,17.825000762939453
2018-03-28,17.25
2018-03-29,17.149999618530273
2018-04-02,16.600000381469727
2018-04-03,16.399999618530273
2018-04-04,16.399999618530273
2018-04-05,17.0
2018-04-06,16.75
2018-04-09,16.549999237060547
2018-04-10,16.450000762939453
2018-04-11,16.100000381469727
2018-04-12,16.200000762939453
2018-04-13,16.299999237060547
2018-04-16,16.299999237060547
2018-04-17,16.799999237060547
2018-04-18,16.899999618530273
2018-04-19,16.799999237060547
2018-04-20,16.475000381469727
2018-04-23,16.149999618530273
2018-04-24,16.100000381469727
2018-04-25,13.449999809265137
2018-04-26,13.5
2018-04-27,13.399999618530273
2018-04-30,13.149999618530273
2018-05-01,12.850000381469727
2018-05-02,13.100000381469727
2018-05-03,13.074999809265137
2018-05-04,13.125
2018-05-07,13.149999618530273
2018-05-08,13.600000381469727
2018-05-09,14.949999809265137
2018-05-10,16.850000381469727
2018-05-11,16.350000381469727
2018-05-14,16.149999618530273
2018-05-15,16.200000762939453
2018-05-16,16.549999237060547
2018-05-17,16.899999618530273
2018-05-18,16.799999237060547
2018-05-21,16.924999237060547
2018-05-22,16.924999237060547
2018-05-23,16.325000762939453
2018-05-24,16.225000381469727
2018-05-25,16.149999618530273
2018-05-29,16.475000381469727
2018-05-30,16.399999618530273
2018-05-31,16.375
2018-06-01,16.350000381469727
2018-06-04,16.475000381469727
2018-06-05,17.049999237060547
2018-06-06,17.350000381469727
2018-06-07,17.350000381469727
2018-06-08,17.399999618530273
2018-06-11,18.200000762939453
2018-06-12,18.350000381469727
2018-06-13,18.389999389648438
2018-06-14,18.649999618530273
2018-06-15,18.899999618530273
2018-06-18,19.100000381469727
2018-06-19,18.649999618530273
2018-06-20,19.700000762939453
2018-06-21,19.649999618530273
2018-06-22,19.549999237060547
2018-06-25,18.75
2018-06-26,18.700000762939453
2018-06-27,18.799999237060547
2018-06-28,18.5
2018-06-29,18.600000381469727
2018-07-02,18.350000381469727
2018-07-03,18.674999237060547
2018-07-05,18.700000762939453
2018-07-06,19.649999618530273
2018-07-09,20.700000762939453
2018-07-10,21.600000381469727
2018-07-11,21.875
2018-07-12,22.049999237060547
2018-07-13,21.0049991607666
2018-07-16,21.950000762939453
2018-07-17,21.700000762939453
2018-07-18,21.450000762939453
2018-07-19,20.450000762939453
2018-07-20,21.399999618530273
2018-07-23,21.299999237060547
2018-07-24,21.700000762939453
2018-07-25,20.975000381469727
2018-07-26,21.225000381469727
2018-07-27,20.049999237060547
2018-07-30,19.649999618530273
2018-07-31,19.649999618530273
2018-08-01,19.399999618530273
2018-08-02,19.299999237060547
2018-08-03,19.200000762939453
2018-08-06,19.364999771118164
2018-08-07,19.700000762939453
2018-08-08,18.299999237060547
2018-08-09,17.299999237060547
2018-08-10,17.899999618530273
2018-08-13,18.274999618530273
2018-08-14,18.549999237060547
2018-08-15,18.600000381469727
2018-08-16,19.0
2018-08-17,18.549999237060547
2018-08-20,18.950000762939453
2018-08-21,19.350000381469727
2018-08-22,19.299999237060547
2018-08-23,19.34000015258789
2018-08-24,19.149999618530273
2018-08-27,19.200000762939453
2018-08-28,18.950000762939453
2018-08-29,18.25
2018-08-30,17.850000381469727
2018-08-31,17.674999237060547
2018-09-04,17.700000762939453
2018-09-05,18.25
2018-09-06,18.049999237060547
2018-09-07,18.0
2018-09-10,17.299999237060547
2018-09-11,16.899999618530273
2018-09-12,16.274999618530273
2018-09-13,16.799999237060547
2018-09-14,16.600000381469727
2018-09-17,16.799999237060547
2018-09-18,16.899999618530273
2018-09-19,17.149999618530273
2018-09-20,17.399999618530273
2018-09-21,17.700000762939453
2018-09-24,17.850000381469727
2018-09-25,17.899999618530273
2018-09-26,18.100000381469727
2018-09-27,18.149999618530273
2018-09-28,18.850000381469727
2018-10-01,18.850000381469727
2018-10-02,19.350000381469727
2018-10-03,19.350000381469727
2018-10-04,19.5
2018-10-05,19.149999618530273
2018-10-08,18.600000381469727
2018-10-09,18.850000381469727
2018-10-10,17.549999237060547
2018-10-11,16.725000381469727
2018-10-12,16.625
2018-10-15,16.399999618530273
2018-10-16,17.049999237060547
2018-10-17,17.350000381469727
2018-10-18,17.700000762939453
2018-10-19,17.549999237060547
2018-10-22,17.149999618530273
2018-10-23,16.799999237060547
2018-10-24,15.899999618530273
2018-10-25,15.850000381469727
2018-10-26,15.100000381469727
2018-10-29,14.899999618530273
2018-10-30,14.850000381469727
2018-10-31,15.800000190734863
2018-11-01,16.049999237060547
2018-11-02,17.125
2018-11-05,16.950000762939453
2018-11-06,17.049999237060547
2018-11-07,17.649999618530273
2018-11-08,18.100000381469727
2018-11-09,17.125
2018-11-12,16.975000381469727
2018-11-13,17.100000381469727
2018-11-14,17.149999618530273
2018-11-15,16.950000762939453
2018-11-16,17.149999618530273
2018-11-19,16.75
2018-11-20,16.350000381469727
2018-11-21,16.299999237060547
2018-11-23,16.75
2018-11-26,16.75
2018-11-27,16.100000381469727
2018-11-28,16.299999237060547
2018-11-29,16.799999237060547
2018-11-30,16.75
2018-12-03,16.75
2018-12-04,15.75
2018-12-06,15.149999618530273
2018-12-07,14.699999809265137
2018-12-10,14.350000381469727
2018-12-11,14.350000381469727
2018-12-12,14.649999618530273
2018-12-13,14.25
2018-12-14,14.0
2018-12-17,13.350000381469727
2018-12-18,13.699999809265137
2018-12-19,13.149999618530273
2018-12-20,13.050000190734863
2018-12-21,12.699999809265137
2018-12-24,12.5
2018-12-26,12.300000190734863
2018-12-27,13.0
2018-12-28,13.050000190734863
2018-12-31,12.524999618530273
2019-01-02,12.75
2019-01-03,13.149999618530273
2019-01-04,13.574999809265137
2019-01-07,13.850000381469727
2019-01-08,14.25
2019-01-09,14.550000190734863
2019-01-10,14.649999618530273
2019-01-11,14.699999809265137
2019-01-14,14.899999618530273
2019-01-15,14.800000190734863
2019-01-16,15.050000190734863
2019-01-17,15.300000190734863
2019-01-18,15.449999809265137
2019-01-22,14.649999618530273
2019-01-23,14.800000190734863
2019-01-24,14.850000381469727
2019-01-25,14.949999809265137
2019-01-28,15.0
2019-01-29,14.800000190734863
2019-01-30,15.0
2019-01-31,15.350000381469727
2019-02-01,15.800000190734863
2019-02-04,16.0
2019-02-05,16.725000381469727
2019-02-06,16.850000381469727
2019-02-07,16.100000381469727
2019-02-08,16.350000381469727
2019-02-11,17.0
2019-02-12,17.399999618530273
2019-02-13,17.549999237060547
2019-02-14,17.5
2019-02-15,17.649999618530273
2019-02-19,17.649999618530273
2019-02-20,15.850000381469727
2019-02-21,15.550000190734863
2019-02-22,15.300000190734863
2019-02-25,15.449999809265137
2019-02-26,15.300000190734863
2019-02-27,14.850000381469727
2019-02-28,14.699999809265137
2019-03-01,14.699999809265137
2019-03-04,14.5
2019-03-05,14.949999809265137
2019-03-06,14.449999809265137
2019-03-07,14.199999809265137
2019-03-08,14.199999809265137
2019-03-11,14.274999618530273
2019-03-12,14.550000190734863
2019-03-13,14.850000381469727
2019-03-14,15.100000381469727
2019-03-15,14.899999618530273
2019-03-18,14.899999618530273
2019-03-19,14.899999618530273
2019-03-20,14.550000190734863
2019-03-21,14.600000381469727
2019-03-22,14.175000190734863
2019-03-25,14.050000190734863
2019-03-26,14.25
2019-03-27,14.449999809265137
2019-03-28,14.875
2019-03-29,15.100000381469727
2019-04-01,14.975000381469727
2019-04-02,15.350000381469727
2019-04-03,15.725000381469727
2019-04-04,15.550000190734863
2019-04-05,15.550000190734863
2019-04-08,15.899999618530273
2019-04-09,16.200000762939453
2019-04-10,16.25
2019-04-11,16.200000762939453
2019-04-12,16.325000762939453
2019-04-15,16.100000381469727
2019-04-16,16.024999618530273
2019-04-17,16.350000381469727
2019-04-18,15.949999809265137
2019-04-22,15.800000190734863
2019-04-23,16.100000381469727
2019-04-24,15.774999618530273
2019-04-25,15.699999809265137
2019-04-26,16.049999237060547
2019-04-29,16.200000762939453
2019-04-30,15.869999885559082
2019-05-01,15.75
2019-05-02,15.600000381469727
2019-05-03,16.0
2019-05-06,16.200000762939453
2019-05-07,15.850000381469727
2019-05-08,16.950000762939453
2019-05-09,16.875
2019-05-10,17.350000381469727
2019-05-13,16.600000381469727
2019-05-14,16.850000381469727
2019-05-15,16.350000381469727
2019-05-16,16.649999618530273
2019-05-17,16.299999237060547
2019-05-20,16.049999237060547
2019-05-21,16.149999618530273
2019-05-22,15.949999809265137
2019-05-23,15.300000190734863
2019-05-24,15.399999618530273
2019-05-28,15.350000381469727
2019-05-29,15.350000381469727
2019-05-30,15.149999618530273
2019-05-31,14.850000381469727
2019-06-03,14.350000381469727
2019-06-04,14.5
2019-06-05,14.625
2019-06-06,14.625
2019-06-07,14.449999809265137
2019-06-10,14.600000381469727
2019-06-11,14.399999618530273
2019-06-12,14.600000381469727
2019-06-13,14.600000381469727
2019-06-14,14.100000381469727
2019-06-17,14.25
2019-06-18,14.725000381469727
2019-06-19,14.875
2019-06-20,14.800000190734863
2019-06-21,14.100000381469727
2019-06-24,14.100000381469727
2019-06-25,13.800000190734863
2019-06-26,13.875
2019-06-27,14.199999809265137
2019-06-28,14.899999618530273
2019-07-01,15.199999809265137
2019-07-02,15.149999618530273
2019-07-03,15.149999618530273
2019-07-05,15.050000190734863
2019-07-08,14.3100004196167
2019-07-09,14.460000038146973
2019-07-10,15.779999732971191
2019-07-11,15.861000061035156
2019-07-12,16.084999084472656
2019-07-15,15.710000038146973
2019-07-16,15.65999984741211
2019-07-17,15.470000267028809
2019-07-18,15.460000038146973
2019-07-19,15.1899995803833
2019-07-22,14.350000381469727
2019-07-23,14.180000305175781
2019-07-24,14.510000228881836
2019-07-25,14.21500015258789
2019-07-26,14.279999732971191
2019-07-29,14.425000190734863
2019-07-30,14.270000457763672
2019-07-31,14.59000015258789
2019-08-01,14.130000114440918
2019-08-02,13.819999694824219
2019-08-05,13.149999618530273
2019-08-06,12.670000076293945
2019-08-07,14.0
2019-08-08,14.930000305175781
2019-08-09,15.09000015258789
2019-08-12,14.710000038146973
2019-08-13,14.420000076293945
2019-08-14,13.6899995803833
2019-08-15,13.170000076293945
2019-08-16,13.324999809265137
2019-08-19,13.65999984741211
2019-08-20,13.220000267028809
2019-08-21,13.399999618530273
2019-08-22,13.430000305175781
2019-08-23,13.010000228881836
2019-08-26,12.90999984741211
2019-08-27,12.645000457763672
2019-08-28,12.65999984741211
2019-08-29,12.869999885559082
2019-08-30,12.9399995803833
2019-09-03,12.800000190734863
2019-09-04,13.0
2019-09-05,13.220999717712402
2019-09-06,13.420000076293945
2019-09-09,13.800000190734863
2019-09-10,14.199999809265137
2019-09-11,14.449999809265137
2019-09-12,14.460000038146973
2019-09-13,14.739999771118164
2019-09-16,14.869999885559082
2019-09-17,14.649999618530273
2019-09-18,14.529999732971191
2019-09-19,14.430000305175781
2019-09-20,14.350000381469727
2019-09-23,14.229999542236328
2019-09-24,13.960000038146973
2019-09-25,13.6899995803833
2019-09-26,13.770000457763672
2019-09-27,13.454999923706055
2019-09-30,12.880000114440918
2019-10-01,12.4399995803833
2019-10-02,11.78499984741211
2019-10-03,11.279999732971191
2019-10-04,11.15999984741211
2019-10-07,11.3100004196167
2019-10-08,10.890000343322754
2019-10-09,11.145000457763672
2019-10-10,11.319999694824219
2019-10-11,11.75
2019-10-14,11.5600004196167
2019-10-15,11.836999893188477
2019-10-16,12.069999694824219
2019-10-17,12.350000381469727
2019-10-18,12.210000038146973
2019-10-21,12.399999618530273
2019-10-22,12.600000381469727
2019-10-23,12.760000228881836
2019-10-24,12.550000190734863
2019-10-25,12.75
2019-10-28,12.84000015258789
2019-10-29,12.906999588012695
2019-10-30,12.829999923706055
2019-10-31,12.479999542236328
2019-11-01,12.630000114440918
2019-11-04,13.449999809265137
2019-11-05,13.170000076293945
2019-11-06,13.960000038146973
2019-11-07,14.430000305175781
2019-11-08,14.430000305175781
2019-11-11,14.210000038146973
2019-11-12,14.074999809265137
2019-11-13,13.789999961853027
2019-11-14,13.954999923706055
2019-11-15,13.510000228881836
2019-11-18,13.104999542236328
2019-11-19,12.859999656677246
2019-11-20,12.930000305175781
2019-11-21,12.829999923706055
2019-11-22,12.729999542236328
2019-11-25,13.079999923706055
2019-11-26,13.470000267028809
2019-11-27,13.5
2019-11-29,13.475000381469727
2019-12-02,13.180000305175781
2019-12-03,12.619999885559082
2019-12-04,12.609999656677246
2019-12-05,12.630000114440918
2019-12-06,12.84000015258789
2019-12-09,12.9399995803833
2019-12-10,12.850000381469727
2019-12-11,12.78499984741211
2019-12-12,12.800000190734863
2019-12-13,12.869999885559082
2019-12-16,13.039999961853027
2019-12-17,12.864999771118164
2019-12-18,12.720000267028809
2019-12-19,12.300000190734863
2019-12-20,12.289999961853027
2019-12-23,12.390000343322754
2019-12-24,12.710000038146973
2019-12-26,12.800000190734863
2019-12-27,12.510000228881836
2019-12-30,12.324999809265137
2019-12-31,12.279999732971191
2020-01-02,12.104999542236328
2020-01-03,12.010000228881836
2020-01-06,11.619999885559082
2020-01-07,11.819000244140625
2020-01-08,11.720000267028809
2020-01-09,11.9399995803833
2020-01-10,11.829999923706055
2020-01-13,11.670000076293945
2020-01-14,12.010000228881836
2020-01-15,12.260000228881836
2020-01-16,12.520000457763672
2020-01-17,12.59000015258789
2020-01-21,12.449999809265137
2020-01-22,12.449999809265137
2020-01-23,12.269000053405762
2020-01-24,12.100000381469727
2020-01-27,11.720000267028809
2020-01-28,11.720000267028809
2020-01-29,11.6899995803833
2020-01-30,11.6899995803833
2020-01-31,11.529999732971191
2020-02-03,11.279999732971191
2020-02-04,11.100000381469727
2020-02-05,11.574999809265137
2020-02-06,12.109999656677246
2020-02-07,11.9399995803833
2020-02-10,11.979999542236328
2020-02-11,12.390000343322754
2020-02-12,13.149999618530273
2020-02-13,12.899999618530273
2020-02-14,13.079999923706055
2020-02-18,13.039999961853027
2020-02-19,11.65999984741211
2020-02-20,12.710000038146973
2020-02-21,12.880000114440918
2020-02-24,11.729999542236328
2020-02-25,11.100000381469727
2020-02-26,10.380000114440918
2020-02-27,9.859999656677246
2020-02-28,9.949999809265137
2020-03-02,10.399999618530273
2020-03-03,10.479999542236328
2020-03-04,10.289999961853027
2020-03-05,10.024999618530273
2020-03-06,9.720000267028809
2020-03-09,9.260000228881836
2020-03-10,9.829999923706055
2020-03-11,9.300000190734863
2020-03-12,7.840000152587891
2020-03-13,7.954999923706055
2020-03-16,7.099999904632568
2020-03-17,7.559999942779541
2020-03-18,7.760000228881836
2020-03-19,7.829999923706055
2020-03-20,8.569999694824219
2020-03-23,7.5
2020-03-24,8.199999809265137
2020-03-25,8.609999656677246
2020-03-26,8.770000457763672
2020-03-27,8.25
2020-03-30,7.909999847412109
2020-03-31,7.420000076293945
2020-04-01,7.010000228881836
2020-04-02,7.010000228881836
2020-04-03,6.769999980926514
2020-04-06,7.349999904632568
2020-04-07,7.650000095367432
2020-04-08,7.909999847412109
2020-04-09,8.140000343322754
2020-04-13,8.260000228881836
2020-04-14,7.96999979019165
2020-04-15,7.320000171661377
2020-04-16,7.0
2020-04-17,7.550000190734863
2020-04-20,7.489999771118164
2020-04-21,7.320000171661377
2020-04-22,6.670000076293945
2020-04-23,6.449999809265137
2020-04-24,6.489999771118164
2020-04-27,6.659999847412109
2020-04-28,6.989999771118164
2020-04-29,7.420000076293945
2020-04-30,7.659999847412109
2020-05-01,6.699999809265137
2020-05-04,6.829999923706055
2020-05-05,6.650000095367432
2020-05-06,5.599999904632568
2020-05-07,5.784999847412109
2020-05-08,5.880000114440918
2020-05-11,5.610000133514404
2020-05-12,5.639999866485596
2020-05-13,5.065000057220459
2020-05-14,4.889999866485596
2020-05-15,5.179999828338623
2020-05-18,5.53000020980835
2020-05-19,5.300000190734863
2020-05-20,5.335000038146973
2020-05-21,5.349999904632568
2020-05-22,5.019999980926514
2020-05-26,5.050000190734863
2020-05-27,5.53000020980835
2020-05-28,5.764999866485596
2020-05-29,5.269999980926514
2020-06-01,5.150000095367432
2020-06-02,5.460000038146973
2020-06-03,5.590000152587891
2020-06-04,5.659999847412109
2020-06-05,6.070000171661377
2020-06-08,6.320000171661377
2020-06-09,6.210000038146973
2020-06-10,5.809999942779541
2020-06-11,5.199999809265137
2020-06-12,5.099999904632568
2020-06-15,4.96999979019165
2020-06-16,5.230000019073486
2020-06-17,5.090000152587891
2020-06-18,4.920000076293945
2020-06-19,4.909999847412109
2020-06-22,4.909999847412109
2020-06-23,4.849999904632568
2020-06-24,4.53000020980835
2020-06-25,4.449999809265137
2020-06-26,4.315000057220459
2020-06-29,4.360000133514404
2020-06-30,4.40500020980835
2020-07-01,4.46999979019165
2020-07-02,4.565000057220459
2020-07-06,4.670000076293945
2020-07-07,4.570000171661377
2020-07-08,4.5
2020-07-09,4.639999866485596
2020-07-10,4.650000095367432
2020-07-13,4.949999809265137
2020-07-14,5.019999980926514
2020-07-15,5.300000190734863
2020-07-16,5.53000020980835
2020-07-17,5.559999942779541
2020-07-20,5.210000038146973
2020-07-21,5.349999904632568
2020-07-22,5.510000228881836
2020-07-23,5.440000057220459
2020-07-24,5.414999961853027
2020-07-27,5.03000020980835
2020-07-28,5.099999904632568
2020-07-29,5.445000171661377
2020-07-30,5.300000190734863
2020-07-31,5.130000114440918
2020-08-03,5.139999866485596
2020-08-04,5.230000019073486
2020-08-05,4.78000020980835
2020-08-06,5.3520002365112305
2020-08-07,5.309999942779541
2020-08-10,5.699999809265137
2020-08-11,6.034999847412109
2020-08-12,5.75
2020-08-13,5.770999908447266
2020-08-14,5.800000190734863
2020-08-17,5.670000076293945
2020-08-18,5.559999942779541
2020-08-19,5.554999828338623
2020-08-20,5.460000038146973
2020-08-21,5.460000038146973
2020-08-24,5.489999771118164
2020-08-25,5.489999771118164
2020-08-26,5.050000190734863
2020-08-27,5.199999809265137
2020-08-28,5.449999809265137
2020-08-31,5.275000095367432
2020-09-01,5.130000114440918
2020-09-02,5.423999786376953
2020-09-03,5.480000019073486
2020-09-04,5.03000020980835
2020-09-08,5.019999980926514
2020-09-09,4.800000190734863
2020-09-10,4.849999904632568
2020-09-11,4.699999809265137
2020-09-14,4.659999847412109
2020-09-15,4.909999847412109
2020-09-16,4.889999866485596
2020-09-17,4.925000190734863
2020-09-18,4.900000095367432
2020-09-21,4.480000019073486
2020-09-22,4.775000095367432
2020-09-23,4.420000076293945
2020-09-24,4.320000171661377
2020-09-25,4.409999847412109
2020-09-28,4.619999885559082
2020-09-29,4.590000152587891
2020-09-30,4.650000095367432
2020-10-01,4.639999866485596
2020-10-02,4.71999979019165
2020-10-05,4.840000152587891
2020-10-06,4.880000114440918
2020-10-07,4.989999771118164
2020-10-08,5.175000190734863
2020-10-09,5.25
2020-10-12,5.25
2020-10-13,5.320000171661377
2020-10-14,5.099999904632568
2020-10-15,4.940000057220459
2020-10-16,4.945000171661377
2020-10-19,4.900000095367432
2020-10-20,4.869999885559082
2020-10-21,4.815000057220459
2020-10-22,4.820000171661377
2020-10-23,4.960000038146973
2020-10-26,4.828000068664551
2020-10-27,4.71999979019165
2020-10-28,4.510000228881836
2020-10-29,4.400000095367432
2020-10-30,4.534999847412109
2020-11-02,4.659999847412109
2020-11-03,5.0
2020-11-04,5.110000133514404
2020-11-05,5.21999979019165
2020-11-06,4.980000019073486
2020-11-09,5.480000019073486
2020-11-10,5.320000171661377
2020-11-11,5.340000152587891
2020-11-12,5.300000190734863
2020-11-13,5.429999828338623
2020-11-16,5.579999923706055
2020-11-17,5.369999885559082
2020-11-18,5.710000038146973
2020-11-19,6.130000114440918
2020-11-20,6.199999809265137
2020-11-23,6.835000038146973
2020-11-24,7.494999885559082
2020-11-25,7.440000057220459
2020-11-27,7.614999771118164
2020-11-30,7.914999961853027
2020-12-01,8.199999809265137
2020-12-02,8.0600004196167
2020-12-03,8.130000114440918
2020-12-04,8.199999809265137
2020-12-07,8.8100004196167
2020-12-08,9.229999542236328
2020-12-09,8.829999923706055
2020-12-10,8.789999961853027
2020-12-11,8.859999656677246
2020-12-14,8.859999656677246
2020-12-15,8.90999984741211
2020-12-16,8.880000114440918
2020-12-17,8.505000114440918
2020-12-18,8.470000267028809
2020-12-21,8.170000076293945
2020-12-22,8.40999984741211
2020-12-23,8.520000457763672
2020-12-24,8.539999961853027
2020-12-28,8.529999732971191
2020-12-29,8.149999618530273
2020-12-30,8.079999923706055
2020-12-31,8.40999984741211
2021-01-04,9.260000228881836
2021-01-05,9.399999618530273
2021-01-06,9.65999984741211
2021-01-07,10.210000038146973
2021-01-08,11.149999618530273
2021-01-11,10.654999732971191
2021-01-12,10.90999984741211
2021-01-13,11.020000457763672
2021-01-14,11.213000297546387
2021-01-15,10.640000343322754
2021-01-19,11.199999809265137
2021-01-20,11.675000190734863
2021-01-21,11.229999542236328
2021-01-22,11.375
2021-01-25,11.069999694824219
2021-01-26,11.229999542236328
2021-01-27,10.850000381469727
2021-01-28,11.069999694824219
2021-01-29,10.819999694824219
2021-02-01,10.664999961853027
2021-02-02,11.270000457763672
2021-02-03,11.430000305175781
2021-02-04,12.829999923706055
2021-02-05,13.100000381469727
2021-02-08,13.609999656677246
2021-02-09,13.140000343322754
2021-02-10,12.619999885559082
2021-02-11,12.050000190734863
2021-02-12,12.15999984741211
2021-02-16,12.149999618530273
2021-02-17,12.199999809265137
2021-02-18,11.220000267028809
2021-02-19,11.989999771118164
2021-02-22,11.829999923706055
2021-02-23,11.119999885559082
2021-02-24,11.5
2021-02-25,10.829999923706055
2021-02-26,10.460000038146973
2021-03-01,11.15999984741211
2021-03-02,11.670000076293945
2021-03-03,11.489999771118164
2021-03-04,10.550000190734863
2021-03-05,9.5
2021-03-08,10.760000228881836
2021-03-09,10.829999923706055
2021-03-10,11.350000381469727
2021-03-11,11.460000038146973
2021-03-12,13.0600004196167
2021-03-15,14.930000305175781
2021-03-16,16.979999542236328
2021-03-17,17.739999771118164
2021-03-18,18.8700008392334
2021-03-19,19.010000228881836
2021-03-22,20.75
2021-03-23,18.549999237060547
2021-03-24,18.360000610351562
2021-03-25,17.190000534057617
2021-03-26,12.550000190734863
2021-03-29,14.630000114440918
2021-03-30,14.729999542236328
2021-03-31,15.760000228881836
2021-04-01,16.350000381469727
2021-04-05,15.4399995803833
2021-04-06,15.359999656677246
2021-04-07,15.470000267028809
2021-04-08,15.319999694824219
2021-04-09,15.5600004196167
2021-04-12,14.760000228881836
2021-04-13,14.180000305175781
2021-04-14,14.680000305175781
2021-04-15,14.40999984741211
2021-04-16,14.619999885559082
2021-04-19,13.979999542236328
2021-04-20,13.15999984741211
2021-04-21,13.149999618530273
2021-04-22,13.84000015258789
2021-04-23,14.020000457763672
2021-04-26,14.380000114440918
2021-04-27,14.619999885559082
2021-04-28,14.579999923706055
2021-04-29,15.329999923706055
2021-04-30,14.970000267028809
2021-05-03,15.039999961853027
2021-05-04,14.149999618530273
2021-05-05,14.109999656677246
2021-05-06,13.460000038146973
2021-05-07,14.03499984741211
2021-05-10,12.760000228881836
2021-05-11,12.1899995803833
2021-05-12,11.970000267028809
2021-05-13,11.989999771118164
2021-05-14,12.369999885559082
2021-05-17,12.720000267028809
2021-05-18,12.770000457763672
2021-05-19,12.199999809265137
2021-05-20,12.248000144958496
2021-05-21,12.619999885559082
2021-05-24,13.449999809265137
2021-05-25,14.020000457763672
2021-05-26,14.1899995803833
2021-05-27,14.4399995803833
2021-05-28,15.0
2021-06-01,15.399999618530273
2021-06-02,15.970000267028809
2021-06-03,15.789999961853027
2021-06-04,15.420000076293945
2021-06-07,15.739999771118164
2021-06-08,16.274999618530273
2021-06-09,16.233999252319336
2021-06-10,15.65999984741211
2021-06-11,16.209999084472656
2021-06-14,16.56999969482422
2021-06-15,16.540000915527344
2021-06-16,17.329999923706055
2021-06-17,17.709999084472656
2021-06-18,17.600000381469727
2021-06-21,18.1200008392334
2021-06-22,18.290000915527344
2021-06-23,18.67300033569336
2021-06-24,19.579999923706055
2021-06-25,19.309999465942383
2021-06-28,18.690000534057617
2021-06-29,18.049999237060547
2021-06-30,17.760000228881836
2021-07-01,17.459999084472656
2021-07-02,17.100000381469727
2021-07-06,16.809999465942383
2021-07-07,16.360000610351562
2021-07-08,15.90999984741211
2021-07-09,17.170000076293945
2021-07-12,16.979999542236328
2021-07-13,16.559999465942383
2021-07-14,16.06999969482422
2021-07-15,15.890000343322754
2021-07-16,15.479999542236328
2021-07-19,14.970000267028809
2021-07-20,14.949999809265137
2021-07-21,16.0
2021-07-22,15.920000076293945
2021-07-23,15.779999732971191
2021-07-26,15.829999923706055
2021-07-27,15.670000076293945
2021-07-28,15.59000015258789
2021-07-29,21.59000015258789
2021-07-30,24.049999237060547
2021-08-02,23.440000534057617
2021-08-03,24.639999389648438
2021-08-04,25.700000762939453
2021-08-05,27.059999465942383
2021-08-06,26.899999618530273
2021-08-09,25.989999771118164
2021-08-10,26.229999542236328
2021-08-11,27.350000381469727
2021-08-12,28.139999389648438
2021-08-13,28.579999923706055
2021-08-16,27.81999969482422
2021-08-17,26.079999923706055
2021-08-18,26.170000076293945
2021-08-19,25.420000076293945
2021-08-20,27.5
2021-08-23,28.110000610351562
2021-08-24,28.600000381469727
2021-08-25,28.15999984741211
2021-08-26,26.90999984741211
2021-08-27,27.559999465942383
2021-08-30,28.1200008392334
2021-08-31,28.450000762939453
2021-09-01,29.809999465942383
2021-09-02,31.0
2021-09-03,30.190000534057617
2021-09-07,31.290000915527344
2021-09-08,30.15999984741211
2021-09-09,30.260000228881836
2021-09-10,29.850000381469727
2021-09-13,28.40999984741211
2021-09-14,28.200000762939453
2021-09-15,28.402999877929688
2021-09-16,27.93000030517578
2021-09-17,27.969999313354492
2021-09-20,26.344999313354492
2021-09-21,26.440000534057617
2021-09-22,26.700000762939453
2021-09-23,27.559999465942383
2021-09-24,28.1299991607666
2021-09-27,28.03499984741211
2021-09-28,26.84000015258789
2021-09-29,26.469999313354492
2021-09-30,26.68000030517578
2021-10-01,27.8799991607666
2021-10-04,27.190000534057617
2021-10-05,27.299999237060547
2021-10-06,27.219999313354492
2021-10-07,29.18000030517578
2021-10-08,28.540000915527344
2021-10-11,29.850000381469727
2021-10-12,30.06999969482422
2021-10-13,31.236000061035156
2021-10-14,32.20000076293945
2021-10-15,33.279998779296875
2021-10-18,33.27000045776367
2021-10-19,32.65999984741211
2021-10-20,33.900001525878906
2021-10-21,34.11000061035156
2021-10-22,33.27000045776367
2021-10-25,34.349998474121094
2021-10-26,33.790000915527344
2021-10-27,31.280000686645508
2021-10-28,39.130001068115234
2021-10-29,42.349998474121094
2021-11-01,46.54999923706055
2021-11-02,44.66999816894531
2021-11-03,45.83000183105469
2021-11-04,45.5099983215332
2021-11-05,44.709999084472656
2021-11-08,45.31999969482422
2021-11-09,43.52000045776367
2021-11-10,40.68000030517578
2021-11-11,42.45000076293945
2021-11-12,43.11000061035156
2021-11-15,42.650001525878906
2021-11-16,42.0
2021-11-17,41.709999084472656
2021-11-18,39.630001068115234
2021-11-19,38.630001068115234
2021-11-22,36.27000045776367
2021-11-23,35.66999816894531
2021-11-24,36.04999923706055
2021-11-26,34.099998474121094
2021-11-29,34.720001220703125
2021-11-30,32.095001220703125
2021-12-01,30.510000228881836
2021-12-02,30.510000228881836
2021-12-03,28.989999771118164
2021-12-06,28.329999923706055
2021-12-07,30.979999542236328
2021-12-08,30.709999084472656
2021-12-09,30.18000030517578
2021-12-10,28.889999389648438
2021-12-13,26.600000381469727
2021-12-14,25.790000915527344
2021-12-15,24.959999084472656
2021-12-16,23.56999969482422
2021-12-17,22.959999084472656
2021-12-20,22.201000213623047
2021-12-21,23.34000015258789
2021-12-22,24.459999084472656
2021-12-23,24.889999389648438
2021-12-27,25.040000915527344
2021-12-28,24.68600082397461
2021-12-29,23.799999237060547
2021-12-30,24.041000366210938
2021-12-31,24.110000610351562
2022-01-03,24.350000381469727
2022-01-04,24.520000457763672
2022-01-05,22.709999084472656
2022-01-06,21.84000015258789
2022-01-07,22.139999389648438
2022-01-10,20.950000762939453
2022-01-11,22.110000610351562
2022-01-12,24.899999618530273
2022-01-13,24.31999969482422
2022-01-14,23.309999465942383
2022-01-18,22.459999084472656
2022-01-19,21.915000915527344
2022-01-20,21.920000076293945
2022-01-21,20.530000686645508
2022-01-24,18.84000015258789
2022-01-25,20.1200008392334
2022-01-26,22.100000381469727
2022-01-27,15.550000190734863
2022-01-28,15.470000267028809
2022-01-31,16.719999313354492
2022-02-01,18.399999618530273
2022-02-02,17.649999618530273
2022-02-03,17.1200008392334
2022-02-04,16.860000610351562
2022-02-07,17.301000595092773
2022-02-08,17.309999465942383
2022-02-09,18.329999923706055
2022-02-10,17.899999618530273
2022-02-11,17.18000030517578
2022-02-14,17.059999465942383
2022-02-15,17.549999237060547
2022-02-16,18.459999084472656
2022-02-17,17.860000610351562
2022-02-18,17.520000457763672
2022-02-22,17.229999542236328
2022-02-23,16.799999237060547
2022-02-24,15.899999618530273
2022-02-25,17.6200008392334
2022-02-28,18.200000762939453
2022-03-01,17.40999984741211
2022-03-02,17.44499969482422
2022-03-03,16.84000015258789
2022-03-04,15.550000190734863
2022-03-07,14.640000343322754
2022-03-08,14.25
2022-03-09,15.279999732971191
2022-03-10,14.699999809265137
2022-03-11,14.229999542236328
2022-03-14,13.289999961853027
2022-03-15,13.420000076293945
2022-03-16,14.569999694824219
2022-03-17,15.074999809265137
2022-03-18,15.899999618530273
2022-03-21,15.729999542236328
2022-03-22,15.960000038146973
2022-03-23,15.800000190734863
2022-03-24,15.609999656677246
2022-03-25,15.430000305175781
2022-03-28,15.454999923706055
2022-03-29,16.40999984741211
2022-03-30,16.094999313354492
2022-03-31,15.779999732971191
2022-04-01,15.529999732971191
2022-04-04,15.430000305175781
2022-04-05,15.279999732971191
2022-04-06,14.34000015258789
2022-04-07,13.9399995803833
2022-04-08,14.25
2022-04-11,13.880000114440918
2022-04-12,13.569999694824219
2022-04-13,13.699999809265137
2022-04-14,13.460000038146973
2022-04-18,13.210000038146973
2022-04-19,13.359999656677246
2022-04-20,13.779999732971191
2022-04-21,13.270000457763672
2022-04-22,13.178999900817871
2022-04-25,13.081000328063965
2022-04-26,13.739999771118164
2022-04-27,13.449999809265137
2022-04-28,15.15999984741211
2022-04-29,15.109999656677246
2022-05-02,14.920000076293945
2022-05-03,15.260000228881836
2022-05-04,14.8100004196167
2022-05-05,15.109999656677246
2022-05-06,14.630000114440918
2022-05-09,13.649999618530273
2022-05-10,12.479999542236328
2022-05-11,12.739999771118164
2022-05-12,12.479999542236328
2022-05-13,13.579999923706055
2022-05-16,13.460000038146973
2022-05-17,13.729999542236328
2022-05-18,12.994999885559082
2022-05-19,13.050999641418457
2022-05-20,12.65999984741211
2022-05-23,12.75
2022-05-24,12.270000457763672
2022-05-25,12.770000457763672
2022-05-26,13.579000473022461
2022-05-27,14.3100004196167
2022-05-31,15.239999771118164
2022-06-01,15.109999656677246
2022-06-02,15.369999885559082
2022-06-03,15.510000228881836
2022-06-06,15.656999588012695
2022-06-07,15.5600004196167
2022-06-08,15.835000038146973
2022-06-09,14.960000038146973
2022-06-10,14.010000228881836
2022-06-13,12.640000343322754
2022-06-14,12.6899995803833
2022-06-15,12.729999542236328
2022-06-16,11.630000114440918
2022-06-17,11.75
2022-06-21,12.375
2022-06-22,12.178999900817871
2022-06-23,12.0
2022-06-24,12.475000381469727
2022-06-27,12.729999542236328
2022-06-28,12.609999656677246
2022-06-29,11.90999984741211
2022-06-30,11.350000381469727
2022-07-01,11.427000045776367
2022-07-05,11.164999961853027
2022-07-06,12.010000228881836
2022-07-07,12.65999984741211
2022-07-08,12.385000228881836
2022-07-11,12.119999885559082
2022-07-12,12.130000114440918
2022-07-13,11.869999885559082
2022-07-14,12.005000114440918
2022-07-15,12.420000076293945
2022-07-18,13.170000076293945
2022-07-19,13.579999923706055
2022-07-20,14.0649995803833
2022-07-21,14.260000228881836
2022-07-22,14.3149995803833
2022-07-25,14.25
2022-07-26,14.140000343322754
2022-07-27,14.399999618530273
2022-07-28,13.34000015258789
2022-07-29,13.510000228881836
2022-08-01,13.619999885559082
2022-08-02,13.550000190734863
2022-08-03,13.960000038146973
2022-08-04,14.5
2022-08-05,14.539999961853027
2022-08-08,14.960000038146973
2022-08-09,14.300000190734863
2022-08-10,14.854999542236328
2022-08-11,14.904999732971191
2022-08-12,14.979999542236328
2022-08-15,15.029999732971191
2022-08-16,15.079999923706055
2022-08-17,15.085000038146973
2022-08-18,15.020000457763672
2022-08-19,14.329999923706055
2022-08-22,13.75
2022-08-23,13.760000228881836
2022-08-24,13.744999885559082
2022-08-25,14.079999923706055
2022-08-26,13.710000038146973
2022-08-29,13.460000038146973
2022-08-30,13.225000381469727
2022-08-31,13.020000457763672
2022-09-01,12.4399995803833
2022-09-02,12.59000015258789
2022-09-06,12.369999885559082
2022-09-07,12.569999694824219
2022-09-08,12.760000228881836
2022-09-09,13.300000190734863
2022-09-12,13.914999961853027
2022-09-13,12.850000381469727
2022-09-14,12.329999923706055
2022-09-15,12.640000343322754
2022-09-16,12.359999656677246
2022-09-19,12.40999984741211
2022-09-20,12.210000038146973
2022-09-21,12.170000076293945
2022-09-22,11.494999885559082
2022-09-23,11.119999885559082
2022-09-26,11.109999656677246
2022-09-27,10.979999542236328
2022-09-28,11.1899995803833
2022-09-29,10.90999984741211
2022-09-30,10.960000038146973
2022-10-03,11.029999732971191
2022-10-04,11.899999618530273
2022-10-05,11.630000114440918
2022-10-06,11.800000190734863
2022-10-07,11.28499984741211
2022-10-10,11.079999923706055
2022-10-11,11.0600004196167
2022-10-12,11.3100004196167
2022-10-13,10.869999885559082
2022-10-14,10.930000305175781
2022-10-17,11.279999732971191
2022-10-18,11.8149995803833
2022-10-19,11.255000114440918
2022-10-20,11.1899995803833
2022-10-21,10.949999809265137
2022-10-24,10.975000381469727
2022-10-25,11.119999885559082
2022-10-26,11.609999656677246
2022-10-27,10.461000442504883
2022-10-28,10.300000190734863
2022-10-31,10.383000373840332
2022-11-01,10.25
2022-11-02,9.819999694824219
2022-11-03,9.34000015258789
2022-11-04,9.385000228881836
2022-11-07,9.420000076293945
2022-11-08,9.5
2022-11-09,9.430000305175781
2022-11-10,10.4399995803833
2022-11-11,11.109999656677246
2022-11-14,10.789999961853027
2022-11-15,10.873000144958496
2022-11-16,10.65999984741211
2022-11-17,10.260000228881836
2022-11-18,10.180000305175781
2022-11-21,10.079999923706055
2022-11-22,10.045000076293945
2022-11-23,10.239999771118164
2022-11-25,10.40999984741211
2022-11-28,9.920000076293945
2022-11-29,10.039999961853027
2022-11-30,9.930000305175781
2022-12-01,10.194999694824219
2022-12-02,9.989999771118164
2022-12-05,9.850000381469727
2022-12-06,9.34000015258789
2022-12-07,9.359999656677246
2022-12-08,9.390000343322754
2022-12-09,9.34000015258789
2022-12-12,9.3100004196167
2022-12-13,9.279999732971191
2022-12-14,9.3100004196167
2022-12-15,8.979999542236328
2022-12-16,8.824999809265137
2022-12-19,8.475000381469727
2022-12-20,8.524999618530273
2022-12-21,8.65999984741211
2022-12-22,8.369999885559082
2022-12-23,8.520000457763672
2022-12-27,8.380000114440918
2022-12-28,8.239999771118164
2022-12-29,8.420000076293945
2022-12-30,8.430000305175781
2023-01-03,8.354999542236328
2023-01-04,8.539999961853027
2023-01-05,8.234999656677246
2023-01-06,8.460000038146973
2023-01-09,8.640000343322754
2023-01-10,8.390999794006348
2023-01-11,8.770000457763672
2023-01-12,9.081999778747559
2023-01-13,9.270000457763672
2023-01-17,9.604999542236328
2023-01-18,9.779999732971191
2023-01-19,9.40999984741211
2023-01-20,9.640000343322754
2023-01-23,10.210000038146973
2023-01-24,10.21500015258789
2023-01-25,9.76200008392334
2023-01-26,8.729999542236328
2023-01-27,9.09000015258789
2023-01-30,9.470000267028809
2023-01-31,9.34000015258789
2023-02-01,9.265000343322754
2023-02-02,10.029999732971191
2023-02-03,9.989999771118164
2023-02-06,9.479999542236328
2023-02-07,9.369999885559082
2023-02-08,9.949999809265137
2023-02-09,9.729999542236328
2023-02-10,9.510000228881836
2023-02-13,9.699999809265137
2023-02-14,9.755000114440918
2023-02-15,10.069999694824219
2023-02-16,10.005000114440918
2023-02-17,9.640000343322754
2023-02-21,9.40999984741211
2023-02-22,9.4399995803833
2023-02-23,9.4350004196167
2023-02-24,9.359999656677246
2023-02-27,9.359999656677246
2023-02-28,9.319999694824219
2023-03-01,9.3100004196167
2023-03-02,9.09000015258789
2023-03-03,9.319999694824219
2023-03-06,8.9350004196167
2023-03-07,8.734999656677246
2023-03-08,8.739999771118164
2023-03-09,8.260000228881836
2023-03-10,7.614999771118164
2023-03-13,6.739999771118164
2023-03-14,7.065000057220459
2023-03-15,6.769999980926514
2023-03-16,6.630000114440918
2023-03-17,6.599999904632568
2023-03-20,6.614999771118164
2023-03-21,6.900000095367432
2023-03-22,6.75
2023-03-23,6.559999942779541
2023-03-24,6.519999980926514
2023-03-27,6.730000019073486
2023-03-28,6.760000228881836
2023-03-29,6.940000057220459
2023-03-30,6.989999771118164
2023-03-31,7.0
2023-04-03,6.920000076293945
2023-04-04,6.769999980926514
2023-04-05,6.627999782562256
2023-04-06,6.670000076293945
2023-04-10,6.659999847412109
2023-04-11,7.070000171661377
2023-04-12,6.909999847412109
2023-04-13,7.03000020980835
2023-04-14,7.085000038146973
2023-04-17,7.065000057220459
2023-04-18,7.085000038146973
2023-04-19,7.079999923706055
2023-04-20,7.190000057220459
2023-04-21,7.144999980926514
2023-04-24,7.170000076293945
2023-04-25,7.079999923706055
2023-04-26,7.010000228881836
2023-04-27,6.940000057220459
2023-04-28,7.065000057220459
2023-05-01,7.070000171661377
2023-05-02,6.599999904632568
2023-05-03,6.605000019073486
2023-05-04,6.304999828338623
2023-05-05,6.699999809265137
2023-05-08,6.695000171661377
2023-05-09,6.699999809265137
2023-05-10,6.960000038146973
2023-05-11,6.90500020980835
2023-05-12,6.929999828338623
2023-05-15,7.070000171661377
2023-05-16,7.260000228881836
2023-05-17,7.389999866485596
2023-05-18,7.764999866485596
2023-05-19,7.835000038146973
2023-05-22,7.840000152587891
2023-05-23,8.09000015258789
2023-05-24,7.96999979019165
2023-05-25,7.900000095367432
2023-05-26,7.980000019073486
2023-05-30,8.015000343322754
2023-05-31,7.945000171661377
2023-06-01,8.0600004196167
2023-06-02,8.4399995803833
2023-06-05,8.600000381469727
2023-06-06,8.680000305175781
2023-06-07,9.270999908447266
2023-06-08,9.199999809265137
2023-06-09,9.119999885559082
2023-06-12,9.199999809265137
2023-06-13,9.489999771118164
2023-06-14,9.244999885559082
2023-06-15,9.225000381469727
2023-06-16,9.770000457763672
2023-06-20,9.680000305175781
2023-06-21,9.694999694824219
2023-06-22,9.430000305175781
2023-06-23,9.229999542236328
2023-06-26,9.300000190734863
2023-06-27,9.279999732971191
2023-06-28,9.604999542236328
2023-06-29,9.880000114440918
2023-06-30,9.75
2023-07-03,9.699999809265137
2023-07-05,9.630000114440918
2023-07-06,9.010000228881836
2023-07-07,9.420000076293945
2023-07-10,9.34000015258789
2023-07-11,9.609999656677246
2023-07-12,9.8100004196167
2023-07-13,9.90999984741211
2023-07-14,9.75
2023-07-17,9.800000190734863
2023-07-18,10.300000190734863
2023-07-19,10.414999961853027
2023-07-20,10.265000343322754
2023-07-21,10.119999885559082
2023-07-24,10.104999542236328
2023-07-25,10.109999656677246
2023-07-26,10.039999961853027
2023-07-27,7.96999979019165
2023-07-28,8.204999923706055
2023-07-31,8.329999923706055
2023-08-01,8.020000457763672
2023-08-02,7.630000114440918
2023-08-03,7.545000076293945
2023-08-04,7.5
2023-08-07,7.429999828338623
2023-08-08,7.369999885559082
2023-08-09,7.440000057220459
2023-08-10,7.364999771118164
2023-08-11,7.340000152587891
2023-08-14,7.130000114440918
2023-08-15,7.0
2023-08-16,6.849999904632568
2023-08-17,6.718999862670898
2023-08-18,6.570000171661377
2023-08-21,6.409999847412109
2023-08-22,6.230000019073486
2023-08-23,6.28000020980835
2023-08-24,6.460000038146973
2023-08-25,6.764999866485596
2023-08-28,6.824999809265137
2023-08-29,6.789999961853027
2023-08-30,6.940000057220459
2023-08-31,6.900000095367432
2023-09-01,6.960000038146973
2023-09-05,6.929999828338623
2023-09-06,6.869999885559082
2023-09-07,6.761000156402588
2023-09-08,6.684999942779541
2023-09-11,6.739999771118164
2023-09-12,6.590000152587891
2023-09-13,6.534999847412109
2023-09-14,6.659999847412109
2023-09-15,6.710000038146973
2023-09-18,6.550000190734863
2023-09-19,6.519999980926514
2023-09-20,6.380000114440918
2023-09-21,6.239999771118164
2023-09-22,6.110000133514404
2023-09-25,6.070000171661377
2023-09-26,6.0
2023-09-27,5.929999828338623
2023-09-28,6.0
2023-09-29,6.065000057220459
2023-10-02,5.985000133514404
2023-10-03,5.650000095367432
2023-10-04,5.574999809265137
2023-10-05,5.599999904632568
2023-10-06,5.590000152587891
2023-10-09,5.590000152587891
2023-10-10,5.789999961853027
2023-10-11,5.760000228881836
2023-10-12,5.349999904632568
2023-10-13,5.400000095367432
2023-10-16,5.429999828338623
2023-10-17,5.400000095367432
2023-10-18,5.380000114440918
2023-10-19,5.309999942779541
2023-10-20,5.190000057220459
2023-10-23,5.21999979019165
2023-10-24,5.224999904632568
2023-10-25,5.085000038146973
2023-10-26,4.730000019073486
2023-10-27,4.974999904632568
2023-10-30,4.980000019073486
2023-10-31,5.099999904632568
2023-11-01,5.079999923706055
2023-11-02,5.300000190734863
2023-11-03,5.869999885559082
2023-11-06,5.670000076293945
2023-11-07,5.590000152587891
2023-11-08,5.46999979019165
2023-11-09,5.300000190734863
2023-11-10,5.130000114440918
2023-11-13,5.050000190734863
2023-11-14,5.48199987411499
2023-11-15,5.619999885559082
2023-11-16,5.380000114440918
2023-11-17,5.385000228881836
2023-11-20,5.414999961853027
2023-11-21,5.409999847412109
2023-11-22,5.449999809265137
2023-11-24,5.510000228881836
2023-11-27,5.519999980926514
2023-11-28,5.769999980926514
2023-11-29,6.360000133514404
2023-11-30,6.269999980926514
2023-12-01,6.159999847412109
2023-12-04,6.590000152587891
2023-12-05,6.619999885559082
2023-12-06,6.679999828338623
2023-12-07,6.659999847412109
2023-12-08,6.715000152587891
2023-12-11,6.775000095367432
2023-12-12,6.670000076293945
2023-12-13,6.559999942779541
2023-12-14,7.699999809265137
2023-12-15,8.210000038146973
2023-12-18,8.199999809265137
2023-12-19,8.5
2023-12-20,8.449999809265137
2023-12-21,8.550000190734863
2023-12-22,8.645000457763672
2023-12-26,8.65999984741211
2023-12-27,8.875
2023-12-28,8.831999778747559
2023-12-29,8.71500015258789
2024-01-02,8.463000297546387
2024-01-03,8.329999923706055
2024-01-04,8.414999961853027
2024-01-05,8.359999656677246
2024-01-08,8.479999542236328
2024-01-09,8.550000190734863
2024-01-10,8.515000343322754
2024-01-11,8.220000267028809
2024-01-12,8.220000267028809
2024-01-16,7.989999771118164
2024-01-17,7.614999771118164
2024-01-18,7.635000228881836
2024-01-19,7.670000076293945
2024-01-22,8.074999809265137
2024-01-23,8.5600004196167
2024-01-24,8.545000076293945
2024-01-25,8.699999809265137
2024-01-26,8.84000015258789
2024-01-29,8.760000228881836
2024-01-30,8.59000015258789
2024-01-31,8.960000038146973
2024-02-01,8.295000076293945
2024-02-02,8.380000114440918
2024-02-05,8.6899995803833
2024-02-06,8.579999923706055
2024-02-07,8.460000038146973
2024-02-08,8.364999771118164
2024-02-09,8.482999801635742
2024-02-12,8.619999885559082
2024-02-13,8.25
2024-02-14,8.449999809265137
2024-02-15,8.654999732971191
2024-02-16,8.654999732971191
2024-02-20,8.34000015258789
2024-02-21,8.069999694824219
2024-02-22,7.925000190734863
2024-02-23,7.920000076293945
2024-02-26,8.015000343322754
2024-02-27,8.180000305175781
2024-02-28,8.010000228881836
2024-02-29,8.045000076293945
2024-03-01,7.989999771118164
2024-03-04,8.020000457763672
2024-03-05,7.9029998779296875
2024-03-06,7.929999828338623
2024-03-07,7.949999809265137
2024-03-08,8.0649995803833
2024-03-11,7.980000019073486
2024-03-12,7.739999771118164
2024-03-13,7.789999961853027
2024-03-14,7.664999961853027
2024-03-15,7.690000057220459
2024-03-18,7.630000114440918
2024-03-19,7.659999847412109
2024-03-20,7.659999847412109
2024-03-21,8.3100004196167
2024-03-22,8.40999984741211
2024-03-25,8.430000305175781
2024-03-26,8.420000076293945
2024-03-27,8.420000076293945
2024-03-28,8.649999618530273
2024-04-01,8.664999961853027
2024-04-02,8.4399995803833
2024-04-03,8.5600004196167
2024-04-04,8.404999732971191
2024-04-05,8.3100004196167
2024-04-08,8.555000305175781
2024-04-09,8.600000381469727
2024-04-10,8.279999732971191
2024-04-11,8.149999618530273
2024-04-12,8.020000457763672
2024-04-15,7.78000020980835
2024-04-16,7.614999771118164
2024-04-17,7.590000152587891
2024-04-18,7.521999835968018
2024-04-19,7.559999942779541
2024-04-22,7.78000020980835
2024-04-23,8.0600004196167
2024-04-24,8.079999923706055
2024-04-25,7.90500020980835
2024-04-26,8.0
2024-04-29,7.800000190734863
2024-04-30,7.480000019073486
2024-05-01,8.399999618530273
2024-05-02,8.869999885559082
2024-05-03,9.270000457763672
2024-05-06,9.09000015258789
2024-05-07,8.979999542236328
2024-05-08,8.8100004196167
2024-05-09,9.045000076293945
2024-05-10,8.90999984741211
2024-05-13,9.029999732971191
2024-05-14,9.239999771118164
2024-05-15,9.3100004196167
2024-05-16,9.34000015258789
2024-05-17,9.3100004196167
2024-05-20,9.329999923706055
2024-05-21,9.25
2024-05-22,9.204999923706055
2024-05-23,8.930000305175781
2024-05-24,9.010000228881836
2024-05-28,8.949999809265137
2024-05-29,8.739999771118164
2024-05-30,8.725000381469727
2024-05-31,8.729999542236328
2024-06-03,8.5600004196167
2024-06-04,8.170000076293945
2024-06-05,8.199999809265137
2024-06-06,8.279999732971191
2024-06-07,8.170000076293945
2024-06-10,8.135000228881836
2024-06-11,8.039999961853027
2024-06-12,8.635000228881836
2024-06-13,8.380000114440918
2024-06-14,8.229999542236328
2024-06-17,8.199999809265137
2024-06-18,8.204999923706055
2024-06-20,8.039999961853027
2024-06-21,7.809999942779541
2024-06-24,7.880000114440918
2024-06-25,8.095000267028809
2024-06-26,8.095000267028809
2024-06-27,8.109999656677246
2024-06-28,8.289999961853027
2024-07-01,8.295000076293945
2024-07-02,8.239999771118164
2024-07-03,8.399999618530273
2024-07-05,8.354000091552734
2024-07-08,8.350000381469727
2024-07-09,8.270000457763672
2024-07-10,8.430000305175781
2024-07-11,8.850000381469727
2024-07-12,9.40999984741211
2024-07-15,9.694999694824219
2024-07-16,10.119999885559082
2024-07-17,10.479999542236328
2024-07-18,10.255000114440918
2024-07-19,10.199999809265137
2024-07-22,10.154999732971191
2024-07-23,10.444999694824219
2024-07-24,10.430000305175781
2024-07-25,10.380000114440918
2024-07-26,10.835000038146973
2024-07-29,10.8100004196167
2024-07-30,10.899999618530273
2024-07-31,11.600000381469727
2024-08-01,11.09000015258789
2024-08-02,10.46500015258789
2024-08-05,9.5
2024-08-06,9.649999618530273
2024-08-07,9.954999923706055
2024-08-08,9.979999542236328
2024-08-09,10.260000228881836
2024-08-12,10.199999809265137
2024-08-13,10.3100004196167
2024-08-14,10.510000228881836
2024-08-15,10.949999809265137
2024-08-16,10.84000015258789
2024-08-19,10.895000457763672
2024-08-20,11.079999923706055
2024-08-21,11.1899995803833
2024-08-22,11.3100004196167
2024-08-23,11.84000015258789
2024-08-26,12.244999885559082
2024-08-27,11.9399995803833
2024-08-28,11.65999984741211
2024-08-29,11.75
2024-08-30,11.925000190734863
2024-09-03,11.609999656677246
2024-09-04,11.414999961853027
2024-09-05,11.225000381469727
2024-09-06,10.899999618530273
2024-09-09,10.569999694824219
2024-09-10,9.880000114440918
2024-09-11,9.96500015258789
2024-09-12,10.369999885559082
2024-09-13,10.739999771118164
2024-09-16,10.545000076293945
2024-09-17,10.899999618530273
2024-09-18,10.800000190734863
2024-09-19,11.100000381469727
2024-09-20,11.109999656677246
2024-09-23,11.029999732971191
2024-09-24,10.819999694824219
2024-09-25,10.550000190734863
2024-09-26,10.569999694824219
2024-09-27,10.880000114440918
2024-09-30,10.899999618530273
2024-10-01,10.989999771118164
2024-10-02,11.010000228881836
2024-10-03,10.90999984741211
2024-10-04,11.319999694824219
2024-10-07,11.135000228881836
2024-10-08,11.220000267028809
2024-10-09,11.4399995803833
2024-10-10,12.170000076293945
2024-10-11,12.064000129699707
2024-10-14,12.442000389099121
2024-10-15,12.729999542236328
2024-10-16,13.220000267028809
2024-10-17,12.824999809265137
2024-10-18,12.5600004196167
2024-10-21,12.270000457763672
2024-10-22,12.140000343322754
2024-10-23,12.34000015258789
2024-10-24,13.539999961853027
2024-10-25,13.350000381469727
2024-10-28,13.699999809265137
2024-10-29,13.989999771118164
2024-10-30,14.109999656677246
2024-10-31,14.15999984741211
2024-11-01,13.920000076293945
2024-11-04,13.59000015258789
2024-11-05,13.65999984741211
2024-11-06,14.859000205993652
2024-11-07,14.614999771118164
2024-11-08,14.680000305175781
2024-11-11,15.020000457763672
2024-11-12,15.0
2024-11-13,15.34000015258789
2024-11-14,15.0600004196167
2024-11-15,14.795000076293945
2024-11-18,14.835000038146973
2024-11-19,14.729999542236328
2024-11-20,14.859999656677246
2024-11-21,15.00100040435791
2024-11-22,16.0
2024-11-25,16.375
2024-11-26,16.280000686645508
2024-11-27,16.309999465942383
2024-11-29,16.530000686645508
2024-12-02,15.210000038146973
2024-12-03,15.414999961853027
2024-12-04,15.369999885559082
2024-12-05,15.645000457763672
2024-12-06,15.65999984741211
2024-12-09,15.470000267028809
2024-12-10,15.390000343322754
2024-12-11,15.460000038146973
2024-12-12,15.859999656677246
2024-12-13,16.239999771118164
2024-12-16,16.28499984741211
2024-12-17,17.40999984741211
2024-12-18,16.27400016784668
2024-12-19,16.167999267578125
2024-12-20,15.84000015258789
2024-12-23,15.770000457763672
2024-12-24,16.190000534057617
2024-12-26,16.389999389648438
2024-12-27,16.489999771118164
2024-12-30,16.219999313354492
2024-12-31,16.110000610351562
2025-01-02,15.850000381469727
2025-01-03,16.43600082397461
2025-01-06,17.110000610351562
2025-01-07,15.90999984741211
2025-01-08,15.760000228881836
2025-01-10,14.454999923706055
2025-01-13,14.470000267028809
2025-01-14,15.229999542236328
2025-01-15,15.869999885559082
2025-01-16,16.020000457763672
2025-01-17,16.5
2025-01-21,16.739999771118164
2025-01-22,16.84000015258789
2025-01-23,16.704999923706055
2025-01-24,16.790000915527344
2025-01-27,16.260000228881836
2025-01-28,16.139999389648438
2025-01-29,13.520000457763672
2025-01-30,14.210000038146973
2025-01-31,13.4399995803833
2025-02-03,12.6899995803833
2025-02-04,12.75
2025-02-05,13.180000305175781
2025-02-06,13.609999656677246
2025-02-07,13.460000038146973
2025-02-10,13.225000381469727
2025-02-11,13.010000228881836
2025-02-12,13.0
2025-02-13,12.829999923706055
2025-02-14,13.211000442504883
2025-02-18,14.0649995803833
2025-02-19,13.949999809265137
2025-02-20,13.300000190734863
2025-02-21,12.859999656677246
2025-02-24,12.34000015258789
2025-02-25,11.960000038146973
2025-02-26,12.289999961853027
2025-02-27,12.375
2025-02-28,12.432000160217285
2025-03-03,12.09000015258789
2025-03-04,11.289999961853027
2025-03-05,11.569999694824219
2025-03-06,11.350000381469727
2025-03-07,10.75
2025-03-10,10.050000190734863
2025-03-11,10.0600004196167
2025-03-12,10.449999809265137
2025-03-13,10.28499984741211
2025-03-14,10.539999961853027
2025-03-17,10.680000305175781
2025-03-18,10.600000381469727
2025-03-19,10.699999809265137
2025-03-20,10.84000015258789
2025-03-21,10.829999923706055
2025-03-24,11.284000396728516
2025-03-25,11.425000190734863
2025-03-26,11.039999961853027
2025-03-27,10.630000114440918
2025-03-28,10.265000343322754
2025-03-31,9.920000076293945
2025-04-01,10.109999656677246
2025-04-02,10.180000305175781
2025-04-03,9.390000343322754
2025-04-04,8.0649995803833
2025-04-07,7.900000095367432
2025-04-08,8.380000114440918
2025-04-09,8.34000015258789
2025-04-10,8.78499984741211
2025-04-11,8.829999923706055
2025-04-14,9.100000381469727
2025-04-15,9.229000091552734
2025-04-16,9.194999694824219
2025-04-17,9.210000038146973
2025-04-21,9.133000373840332
2025-04-22,9.399999618530273
2025-04-23,10.225000381469727
2025-04-24,10.168000221252441
2025-04-25,10.805000305175781
2025-04-28,10.630000114440918
2025-04-29,10.819999694824219
2025-04-30,9.0
2025-05-01,9.539999961853027
2025-05-02,9.895000457763672
2025-05-05,10.220000267028809
2025-05-06,9.899999618530273
2025-05-07,10.09000015258789
2025-05-08,10.444999694824219
2025-05-09,10.40999984741211
2025-05-12,11.119999885559082
2025-05-13,11.1899995803833
2025-05-14,11.09000015258789
2025-05-15,10.489999771118164
2025-05-16,10.454999923706055
2025-05-19,10.289999961853027
2025-05-20,10.319999694824219
2025-05-21,9.880000114440918
2025-05-22,9.819999694824219
2025-05-23,9.699999809265137
2025-05-27,9.923999786376953
2025-05-28,9.960000038146973
2025-05-29,9.949999809265137
2025-05-30,9.835000038146973
2025-06-02,9.779999732971191
2025-06-03,9.975000381469727
2025-06-04,10.335000038146973
2025-06-05,10.114999771118164
2025-06-06,10.289999961853027
2025-06-09,10.656000137329102
2025-06-10,10.710000038146973
2025-06-11,10.859999656677246
2025-06-12,10.680000305175781
2025-06-13,10.414999961853027
2025-06-16,10.444999694824219
2025-06-17,10.835000038146973
2025-06-18,10.949999809265137
2025-06-20,11.0
2025-06-23,10.739999771118164
2025-06-24,11.300000190734863
2025-06-25,11.569999694824219
2025-06-26,11.579999923706055
2025-06-27,11.8100004196167
2025-06-30,11.979999542236328
2025-07-01,11.75
2025-07-02,12.140000343322754
2025-07-03,12.494999885559082
2025-07-07,12.170000076293945
2025-07-08,12.354999542236328
2025-07-09,12.409000396728516
2025-07-10,12.46500015258789
2025-07-11,12.609999656677246
2025-07-14,12.444999694824219
2025-07-15,12.40999984741211
2025-07-16,12.25100040435791
2025-07-17,12.604999542236328
2025-07-18,12.729999542236328
2025-07-21,12.779999732971191
2025-07-22,12.635000228881836
2025-07-23,12.9399995803833
2025-07-24,13.170000076293945
2025-07-25,12.645000457763672
2025-07-28,12.835000038146973
2025-07-29,13.0
2025-07-30,14.899999618530273
2025-07-31,15.444999694824219
2025-08-01,14.65999984741211
2025-08-04,15.0
2025-08-05,15.569999694824219
2025-08-06,15.579999923706055
2025-08-07,15.09000015258789
2025-08-08,14.970999717712402
2025-08-11,14.800999641418457
2025-08-12,15.0
2025-08-13,15.40999984741211
2025-08-14,15.274999618530273
2025-08-15,15.140000343322754
2025-08-18,15.40999984741211
2025-08-19,15.199999809265137
2025-08-20,14.609999656677246
2025-08-21,14.819999694824219
2025-08-22,15.1899995803833
2025-08-25,16.1200008392334
2025-08-26,16.299999237060547
2025-08-27,16.459999084472656
2025-08-28,16.836000442504883
2025-08-29,17.100000381469727
2025-09-02,16.31999969482422
2025-09-03,16.209999084472656
2025-09-04,16.3700008392334
2025-09-05,16.25
2025-09-08,16.270000457763672
2025-09-09,16.239999771118164
2025-09-10,16.170000076293945
2025-09-11,16.25
2025-09-12,16.604999542236328
2025-09-15,16.709999084472656
2025-09-16,16.65999984741211
2025-09-17,16.770000457763672
2025-09-18,17.259000778198242
2025-09-19,17.364999771118164
2025-09-22,17.290000915527344
2025-09-23,17.110000610351562
2025-09-24,16.639999389648438
2025-09-25,16.100000381469727
2025-09-26,16.34000015258789
2025-09-29,15.75
2025-09-30,14.880000114440918
2025-10-01,14.812000274658203
2025-10-02,14.795000076293945
2025-10-03,14.704999923706055
2025-10-06,14.529999732971191
2025-10-07,14.979999542236328
2025-10-08,15.229999542236328
2025-10-09,15.630000114440918
2025-10-10,14.960000038146973
2025-10-13,15.149999618530273
2025-10-14,15.010000228881836
2025-10-15,16.200000762939453
2025-10-16,15.449999809265137
2025-10-17,15.319999694824219
2025-10-20,15.460000038146973
2025-10-21,16.283000946044922
2025-10-22,16.040000915527344
2025-10-23,17.690000534057617
2025-10-24,18.399999618530273
2025-10-27,18.239999771118164
2025-10-28,17.969999313354492
2025-10-29,17.079999923706055
2025-10-30,16.795000076293945
2025-10-31,16.799999237060547
2025-11-03,17.3700008392334
2025-11-04,16.959999084472656
2025-11-05,18.19499969482422
2025-11-06,17.899999618530273
2025-11-07,17.1200008392334
2025-11-10,18.600000381469727
2025-11-11,18.260000228881836
2025-11-12,18.200000762939453
2025-11-13,17.3700008392334
2025-11-14,16.784000396728516
2025-11-17,16.15999984741211
2025-11-18,15.970000267028809
2025-11-19,15.699999809265137
2025-11-20,15.6850004196167
2025-11-21,15.5600004196167
2025-11-24,16.290000915527344
2025-11-25,16.760000228881836
2025-11-26,17.399999618530273
2025-11-28,17.700000762939453
2025-12-01,17.809999465942383
2025-12-02,17.91900062561035
2025-12-03,18.270000457763672
2025-12-04,18.895000457763672
2025-12-05,19.190000534057617
2025-12-08,18.979999542236328
2025-12-09,19.010000228881836
2025-12-10,19.030000686645508
2025-12-11,19.959999084472656
2025-12-12,19.790000915527344
2025-12-15,19.0
2025-12-16,18.799999237060547
2025-12-17,18.329999923706055
2025-12-18,18.610000610351562
2025-12-19,19.34000015258789
2025-12-22,19.44499969482422
2025-12-23,19.65999984741211
2025-12-24,19.540000915527344
2025-12-26,19.5
2025-12-29,19.350000381469727
2025-12-30,19.239999771118164
2025-12-31,18.875
2026-01-02,18.739999771118164
2026-01-05,19.079999923706055
2026-01-06,19.25
2026-01-07,19.610000610351562
2026-01-08,19.780000686645508
2026-01-09,19.81999969482422
2026-01-12,19.100000381469727
2026-01-13,19.690000534057617
2026-01-14,19.389999389648438
2026-01-15,20.030000686645508
2026-01-16,20.3799991607666
2026-01-20,19.5
2026-01-21,20.0
2026-01-22,20.700000762939453
2026-01-23,20.829999923706055
2026-01-26,20.959999084472656
2026-01-27,20.714000701904297
2026-01-28,19.450000762939453
2026-01-29,16.399999618530273
2026-01-30,16.200000762939453
2026-02-02,16.649999618530273
2026-02-03,15.84000015258789
2026-02-04,15.734999656677246
2026-02-05,15.239999771118164
2026-02-06,15.890000343322754
2026-02-09,16.790000915527344
2026-02-10,17.075000762939453
2026-02-11,16.56999969482422
2026-02-12,15.104999542236328
2026-02-13,15.0
2026-02-17,15.289999961853027
2026-02-18,15.5
2026-02-19,15.970000267028809
2026-02-20,16.170000076293945
2026-02-23,14.654999732971191
2026-02-24,14.699999809265137
2026-02-25,15.199999809265137
2026-02-26,16.1299991607666
2026-02-27,14.710000038146973
2026-03-02,14.369999885559082
2026-03-03,14.260000228881836
2026-03-04,14.989999771118164
2026-03-05,14.9350004196167
2026-03-06,14.300000190734863
2026-03-09,13.920999526977539
2026-03-10,14.28499984741211
2026-03-11,14.270000457763672
2026-03-12,14.0600004196167
2026-03-13,13.795000076293945
2026-03-16,13.800000190734863
2026-03-17,13.949999809265137
2026-03-18,13.239999771118164
2026-03-19,13.050000190734863
2026-03-20,13.600000381469727
2026-03-23,14.180000305175781
2026-03-24,14.329999923706055
2026-03-25,14.40999984741211
2026-03-26,14.239999771118164
2026-03-27,13.770000457763672
