Date,high
2014-02-14,32.5
2014-02-18,29.639999389648438
2014-02-19,30.18000030517578
2014-02-20,29.360000610351562
2014-02-21,29.399999618530273
2014-02-24,29.25
2014-02-25,29.610000610351562
2014-02-26,30.290000915527344
2014-02-27,30.700000762939453
2014-02-28,32.849998474121094
2014-03-03,31.780000686645508
2014-03-04,31.399999618530273
2014-03-05,31.0
2014-03-06,30.700000762939453
2014-03-07,30.079999923706055
2014-03-10,29.190000534057617
2014-03-11,29.709999084472656
2014-03-12,30.299999237060547
2014-03-13,31.260000228881836
2014-03-14,31.5
2014-03-17,31.56999969482422
2014-03-18,33.65999984741211
2014-03-19,33.099998474121094
2014-03-20,32.2599983215332
2014-03-21,32.16999816894531
2014-03-24,31.899999618530273
2014-03-25,32.38999938964844
2014-03-26,32.459999084472656
2014-03-27,31.959999084472656
2014-03-28,32.279998779296875
2014-03-31,31.799999237060547
2014-04-01,32.09000015258789
2014-04-02,31.709999084472656
2014-04-03,31.700000762939453
2014-04-04,32.220001220703125
2014-04-07,31.280000686645508
2014-04-08,31.5
2014-04-09,31.709999084472656
2014-04-10,31.700000762939453
2014-04-11,31.59000015258789
2014-04-14,31.200000762939453
2014-04-15,30.5
2014-04-16,30.709999084472656
2014-04-17,31.100000381469727
2014-04-21,30.899999618530273
2014-04-22,31.18000030517578
2014-04-23,31.5
2014-04-24,31.649999618530273
2014-04-25,31.5
2014-04-28,31.5
2014-04-29,30.18000030517578
2014-04-30,29.690000534057617
2014-05-01,28.5
2014-05-02,29.610000610351562
2014-05-05,28.950000762939453
2014-05-06,29.530000686645508
2014-05-07,29.899999618530273
2014-05-08,30.579999923706055
2014-05-09,29.68000030517578
2014-05-12,30.3799991607666
2014-05-13,30.450000762939453
2014-05-14,30.389999389648438
2014-05-15,30.360000610351562
2014-05-16,30.34000015258789
2014-05-19,30.3700008392334
2014-05-20,29.860000610351562
2014-05-21,29.760000228881836
2014-05-22,29.350000381469727
2014-05-23,29.18000030517578
2014-05-27,28.920000076293945
2014-05-28,28.440000534057617
2014-05-29,28.459999084472656
2014-05-30,28.450000762939453
2014-06-02,28.709999084472656
2014-06-03,28.90999984741211
2014-06-04,29.030000686645508
2014-06-05,29.780000686645508
2014-06-06,29.889999389648438
2014-06-09,30.479999542236328
2014-06-10,30.579999923706055
2014-06-11,30.780000686645508
2014-06-12,31.309999465942383
2014-06-13,31.3799991607666
2014-06-16,31.100000381469727
2014-06-17,31.510000228881836
2014-06-18,31.479999542236328
2014-06-19,31.979999542236328
2014-06-20,32.25
2014-06-23,32.61000061035156
2014-06-24,32.52000045776367
2014-06-25,31.75
2014-06-26,31.06999969482422
2014-06-27,30.809999465942383
2014-06-30,31.1200008392334
2014-07-01,31.280000686645508
2014-07-02,31.049999237060547
2014-07-03,30.850000381469727
2014-07-07,30.450000762939453
2014-07-08,30.209999084472656
2014-07-09,30.1200008392334
2014-07-10,30.110000610351562
2014-07-11,29.989999771118164
2014-07-14,29.799999237060547
2014-07-15,29.56999969482422
2014-07-16,29.399999618530273
2014-07-17,29.350000381469727
2014-07-18,29.399999618530273
2014-07-21,29.549999237060547
2014-07-22,30.219999313354492
2014-07-23,30.440000534057617
2014-07-24,31.059999465942383
2014-07-25,30.81999969482422
2014-07-28,29.65999984741211
2014-07-29,30.75
2014-07-30,29.56999969482422
2014-07-31,29.3799991607666
2014-08-01,29.579999923706055
2014-08-04,30.059999465942383
2014-08-05,30.239999771118164
2014-08-06,30.770000457763672
2014-08-07,30.719999313354492
2014-08-08,31.90999984741211
2014-08-11,32.439998626708984
2014-08-12,32.619998931884766
2014-08-13,32.70000076293945
2014-08-14,32.209999084472656
2014-08-15,32.18000030517578
2014-08-18,32.45000076293945
2014-08-19,32.04999923706055
2014-08-20,32.02000045776367
2014-08-21,32.619998931884766
2014-08-22,32.709999084472656
2014-08-25,32.709999084472656
2014-08-26,33.81999969482422
2014-08-27,33.66999816894531
2014-08-28,33.16999816894531
2014-08-29,33.150001525878906
2014-09-02,33.189998626708984
2014-09-03,33.099998474121094
2014-09-04,32.15999984741211
2014-09-05,31.81999969482422
2014-09-08,31.639999389648438
2014-09-09,31.549999237060547
2014-09-10,30.90999984741211
2014-09-11,30.6299991607666
2014-09-12,30.719999313354492
2014-09-15,30.65999984741211
2014-09-16,30.559999465942383
2014-09-17,31.229999542236328
2014-09-18,32.0099983215332
2014-09-19,32.16999816894531
2014-09-22,30.860000610351562
2014-09-23,30.610000610351562
2014-09-24,30.139999389648438
2014-09-25,27.81999969482422
2014-09-26,27.469999313354492
2014-09-29,27.309999465942383
2014-09-30,26.56999969482422
2014-10-01,26.3799991607666
2014-10-02,25.899999618530273
2014-10-03,25.889999389648438
2014-10-06,25.579999923706055
2014-10-07,25.459999084472656
2014-10-08,25.299999237060547
2014-10-09,25.3700008392334
2014-10-10,24.09000015258789
2014-10-13,23.56999969482422
2014-10-14,20.829999923706055
2014-10-15,20.030000686645508
2014-10-16,19.899999618530273
2014-10-17,19.760000228881836
2014-10-20,19.6200008392334
2014-10-21,19.549999237060547
2014-10-22,18.5
2014-10-23,19.450000762939453
2014-10-24,19.190000534057617
2014-10-27,19.260000228881836
2014-10-28,19.549999237060547
2014-10-29,19.350000381469727
2014-10-30,19.229999542236328
2014-10-31,20.149999618530273
2014-11-03,19.889999389648438
2014-11-04,20.010000228881836
2014-11-05,19.920000076293945
2014-11-06,19.5
2014-11-07,19.329999923706055
2014-11-10,19.709999084472656
2014-11-11,19.5
2014-11-12,19.459999084472656
2014-11-13,19.68000030517578
2014-11-14,19.90999984741211
2014-11-17,19.84000015258789
2014-11-18,20.34000015258789
2014-11-19,20.229999542236328
2014-11-20,20.459999084472656
2014-11-21,20.670000076293945
2014-11-24,21.010000228881836
2014-11-25,21.0
2014-11-26,21.079999923706055
2014-11-28,21.510000228881836
2014-12-01,21.219999313354492
2014-12-02,20.989999771118164
2014-12-03,21.270000457763672
2014-12-04,21.020000457763672
2014-12-05,20.170000076293945
2014-12-08,20.030000686645508
2014-12-09,20.399999618530273
2014-12-10,20.479999542236328
2014-12-11,20.270000457763672
2014-12-12,19.709999084472656
2014-12-15,19.06999969482422
2014-12-16,19.0
2014-12-17,19.530000686645508
2014-12-18,19.860000610351562
2014-12-19,20.219999313354492
2014-12-22,22.969999313354492
2014-12-23,23.200000762939453
2014-12-24,23.200000762939453
2014-12-26,24.270000457763672
2014-12-29,24.139999389648438
2014-12-30,24.0
2014-12-31,23.940000534057617
2015-01-02,24.079999923706055
2015-01-05,22.969999313354492
2015-01-06,22.420000076293945
2015-01-07,22.479999542236328
2015-01-08,23.639999389648438
2015-01-09,24.799999237060547
2015-01-12,24.969999313354492
2015-01-13,24.290000915527344
2015-01-14,22.420000076293945
2015-01-15,22.459999084472656
2015-01-16,22.040000915527344
2015-01-20,22.170000076293945
2015-01-21,21.719999313354492
2015-01-22,21.889999389648438
2015-01-23,21.719999313354492
2015-01-26,21.649999618530273
2015-01-27,22.0
2015-01-28,21.969999313354492
2015-01-29,21.270000457763672
2015-01-30,21.600000381469727
2015-02-02,22.40999984741211
2015-02-03,23.18000030517578
2015-02-04,23.229999542236328
2015-02-05,23.040000915527344
2015-02-06,23.0
2015-02-09,23.75
2015-02-10,23.610000610351562
2015-02-11,23.5
2015-02-12,23.280000686645508
2015-02-13,19.459999084472656
2015-02-17,18.860000610351562
2015-02-18,18.15999984741211
2015-02-19,18.459999084472656
2015-02-20,19.760000228881836
2015-02-23,19.520000457763672
2015-02-24,19.209999084472656
2015-02-25,19.610000610351562
2015-02-26,19.6299991607666
2015-02-27,19.389999389648438
2015-03-02,19.5
2015-03-03,19.479999542236328
2015-03-04,19.56999969482422
2015-03-05,19.989999771118164
2015-03-06,19.709999084472656
2015-03-09,19.829999923706055
2015-03-10,19.81999969482422
2015-03-11,19.969999313354492
2015-03-12,20.260000228881836
2015-03-13,20.6299991607666
2015-03-16,20.940000534057617
2015-03-17,20.979999542236328
2015-03-18,20.81999969482422
2015-03-19,21.06999969482422
2015-03-20,21.25
2015-03-23,20.18000030517578
2015-03-24,20.389999389648438
2015-03-25,20.360000610351562
2015-03-26,19.739999771118164
2015-03-27,19.5
2015-03-30,19.84000015258789
2015-03-31,19.3700008392334
2015-04-01,19.510000228881836
2015-04-02,19.739999771118164
2015-04-06,19.829999923706055
2015-04-07,19.93000030517578
2015-04-08,19.65999984741211
2015-04-09,19.940000534057617
2015-04-10,20.649999618530273
2015-04-13,20.309999465942383
2015-04-14,20.920000076293945
2015-04-15,21.239999771118164
2015-04-16,21.25
2015-04-17,21.1299991607666
2015-04-20,21.709999084472656
2015-04-21,21.75
2015-04-22,21.489999771118164
2015-04-23,21.93000030517578
2015-04-24,21.979999542236328
2015-04-27,20.649999618530273
2015-04-28,20.399999618530273
2015-04-29,20.1200008392334
2015-04-30,19.559999465942383
2015-05-01,19.270000457763672
2015-05-04,19.31999969482422
2015-05-05,19.309999465942383
2015-05-06,19.290000915527344
2015-05-07,18.25
2015-05-08,18.760000228881836
2015-05-11,18.829999923706055
2015-05-12,18.760000228881836
2015-05-13,18.770000457763672
2015-05-14,19.25
2015-05-15,19.360000610351562
2015-05-18,19.510000228881836
2015-05-19,19.34000015258789
2015-05-20,19.239999771118164
2015-05-21,19.510000228881836
2015-05-22,19.600000381469727
2015-05-26,19.65999984741211
2015-05-27,19.649999618530273
2015-05-28,19.639999389648438
2015-05-29,19.5
2015-06-01,19.56999969482422
2015-06-02,19.540000915527344
2015-06-03,20.0
2015-06-04,19.889999389648438
2015-06-05,19.030000686645508
2015-06-08,19.040000915527344
2015-06-09,18.809999465942383
2015-06-10,18.389999389648438
2015-06-11,18.219999313354492
2015-06-12,18.329999923706055
2015-06-15,18.93000030517578
2015-06-16,18.75
2015-06-17,19.440000534057617
2015-06-18,19.559999465942383
2015-06-19,19.739999771118164
2015-06-22,19.860000610351562
2015-06-23,20.15999984741211
2015-06-24,20.239999771118164
2015-06-25,20.0
2015-06-26,19.030000686645508
2015-06-29,18.760000228881836
2015-06-30,18.729999542236328
2015-07-01,18.56999969482422
2015-07-02,18.959999084472656
2015-07-06,18.68000030517578
2015-07-07,18.290000915527344
2015-07-08,18.100000381469727
2015-07-09,18.239999771118164
2015-07-10,18.59000015258789
2015-07-13,19.030000686645508
2015-07-14,19.290000915527344
2015-07-15,19.600000381469727
2015-07-16,18.959999084472656
2015-07-17,18.350000381469727
2015-07-20,18.260000228881836
2015-07-21,18.18000030517578
2015-07-22,17.989999771118164
2015-07-23,17.969999313354492
2015-07-24,17.420000076293945
2015-07-27,17.469999313354492
2015-07-28,19.200000762939453
2015-07-29,18.799999237060547
2015-07-30,18.84000015258789
2015-07-31,19.15999984741211
2015-08-03,19.43000030517578
2015-08-04,18.950000762939453
2015-08-05,18.600000381469727
2015-08-06,17.899999618530273
2015-08-07,17.809999465942383
2015-08-10,17.989999771118164
2015-08-11,17.889999389648438
2015-08-12,17.450000762939453
2015-08-13,17.260000228881836
2015-08-14,16.989999771118164
2015-08-17,16.860000610351562
2015-08-18,16.219999313354492
2015-08-19,16.190000534057617
2015-08-20,15.9399995803833
2015-08-21,15.050000190734863
2015-08-24,14.979999542236328
2015-08-25,14.640000343322754
2015-08-26,14.800000190734863
2015-08-27,15.770000457763672
2015-08-28,16.489999771118164
2015-08-31,16.489999771118164
2015-09-01,16.299999237060547
2015-09-02,16.229999542236328
2015-09-03,16.6200008392334
2015-09-04,16.309999465942383
2015-09-08,16.8799991607666
2015-09-09,17.149999618530273
2015-09-10,16.719999313354492
2015-09-11,16.459999084472656
2015-09-14,16.229999542236328
2015-09-15,16.579999923706055
2015-09-16,16.739999771118164
2015-09-17,16.8799991607666
2015-09-18,16.520000457763672
2015-09-21,16.860000610351562
2015-09-22,16.670000076293945
2015-09-23,16.850000381469727
2015-09-24,16.34000015258789
2015-09-25,16.639999389648438
2015-09-28,18.200000762939453
2015-09-29,18.010000228881836
2015-09-30,18.489999771118164
2015-10-01,18.850000381469727
2015-10-02,19.68000030517578
2015-10-05,22.329999923706055
2015-10-06,22.030000686645508
2015-10-07,22.229999542236328
2015-10-08,22.010000228881836
2015-10-09,21.889999389648438
2015-10-12,21.6200008392334
2015-10-13,21.90999984741211
2015-10-14,21.40999984741211
2015-10-15,21.3799991607666
2015-10-16,21.40999984741211
2015-10-19,21.18000030517578
2015-10-20,21.5
2015-10-21,21.100000381469727
2015-10-22,21.610000610351562
2015-10-23,21.75
2015-10-26,21.399999618530273
2015-10-27,18.5
2015-10-28,17.690000534057617
2015-10-29,17.280000686645508
2015-10-30,17.200000762939453
2015-11-02,17.969999313354492
2015-11-03,18.920000076293945
2015-11-04,18.40999984741211
2015-11-05,17.729999542236328
2015-11-06,18.020000457763672
2015-11-09,17.770000457763672
2015-11-10,17.290000915527344
2015-11-11,16.200000762939453
2015-11-12,16.100000381469727
2015-11-13,16.0
2015-11-16,16.110000610351562
2015-11-17,16.1299991607666
2015-11-18,15.710000038146973
2015-11-19,15.760000228881836
2015-11-20,16.040000915527344
2015-11-23,15.949999809265137
2015-11-24,16.020000457763672
2015-11-25,16.229999542236328
2015-11-27,16.229999542236328
2015-11-30,16.549999237060547
2015-12-01,16.700000762939453
2015-12-02,16.469999313354492
2015-12-03,16.389999389648438
2015-12-04,16.020000457763672
2015-12-07,16.18000030517578
2015-12-08,15.9399995803833
2015-12-09,15.850000381469727
2015-12-10,15.569999694824219
2015-12-11,15.529999732971191
2015-12-14,15.100000381469727
2015-12-15,14.609999656677246
2015-12-16,14.489999771118164
2015-12-17,14.130000114440918
2015-12-18,13.449999809265137
2015-12-21,13.3100004196167
2015-12-22,13.859999656677246
2015-12-23,14.010000228881836
2015-12-24,14.0
2015-12-28,14.050000190734863
2015-12-29,13.920000076293945
2015-12-30,13.949999809265137
2015-12-31,13.739999771118164
2016-01-04,14.739999771118164
2016-01-05,14.130000114440918
2016-01-06,13.359999656677246
2016-01-07,13.390000343322754
2016-01-08,13.220000267028809
2016-01-11,12.779999732971191
2016-01-12,12.279999732971191
2016-01-13,13.050000190734863
2016-01-14,12.600000381469727
2016-01-15,12.069999694824219
2016-01-19,12.020000457763672
2016-01-20,11.789999961853027
2016-01-21,12.949999809265137
2016-01-22,12.8100004196167
2016-01-25,12.550000190734863
2016-01-26,12.670000076293945
2016-01-27,12.609999656677246
2016-01-28,12.529999732971191
2016-01-29,13.600000381469727
2016-02-01,13.529999732971191
2016-02-02,13.0
2016-02-03,13.029999732971191
2016-02-04,13.239999771118164
2016-02-05,13.149999618530273
2016-02-08,12.75
2016-02-09,12.100000381469727
2016-02-10,12.390000343322754
2016-02-11,12.020000457763672
2016-02-12,12.119999885559082
2016-02-16,10.869999885559082
2016-02-17,11.890000343322754
2016-02-18,11.199999809265137
2016-02-19,11.289999961853027
2016-02-22,11.949999809265137
2016-02-23,11.8100004196167
2016-02-24,11.319999694824219
2016-02-25,11.630000114440918
2016-02-26,11.729999542236328
2016-02-29,11.770000457763672
2016-03-01,11.670000076293945
2016-03-02,12.029999732971191
2016-03-03,12.210000038146973
2016-03-04,12.529999732971191
2016-03-07,12.720000267028809
2016-03-08,12.649999618530273
2016-03-09,12.800000190734863
2016-03-10,12.880000114440918
2016-03-11,13.140000343322754
2016-03-14,13.270000457763672
2016-03-15,12.869999885559082
2016-03-16,12.880000114440918
2016-03-17,13.279999732971191
2016-03-18,13.640000343322754
2016-03-21,13.8100004196167
2016-03-22,13.869999885559082
2016-03-23,13.680000305175781
2016-03-24,12.760000228881836
2016-03-28,12.779999732971191
2016-03-29,13.1899995803833
2016-03-30,13.449999809265137
2016-03-31,13.260000228881836
2016-04-01,13.229999542236328
2016-04-04,13.40999984741211
2016-04-05,12.829999923706055
2016-04-06,12.899999618530273
2016-04-07,12.819999694824219
2016-04-08,12.84000015258789
2016-04-11,12.829999923706055
2016-04-12,12.800000190734863
2016-04-13,12.760000228881836
2016-04-14,13.550000190734863
2016-04-15,13.630000114440918
2016-04-18,13.770000457763672
2016-04-19,13.770000457763672
2016-04-20,13.470000267028809
2016-04-21,13.380000114440918
2016-04-22,14.470000267028809
2016-04-25,14.220000267028809
2016-04-26,17.100000381469727
2016-04-27,15.079999923706055
2016-04-28,14.529999732971191
2016-04-29,13.380000114440918
2016-05-02,13.420000076293945
2016-05-03,13.5
2016-05-04,13.829999923706055
2016-05-05,13.380000114440918
2016-05-06,13.3100004196167
2016-05-09,13.359999656677246
2016-05-10,13.199999809265137
2016-05-11,13.319999694824219
2016-05-12,13.25
2016-05-13,12.710000038146973
2016-05-16,12.699999809265137
2016-05-17,12.960000038146973
2016-05-18,12.989999771118164
2016-05-19,12.930000305175781
2016-05-20,13.050000190734863
2016-05-23,13.579999923706055
2016-05-24,13.479999542236328
2016-05-25,14.029999732971191
2016-05-26,14.109999656677246
2016-05-27,14.239999771118164
2016-05-31,14.699999809265137
2016-06-01,14.869999885559082
2016-06-02,15.25
2016-06-03,15.420000076293945
2016-06-06,15.90999984741211
2016-06-07,15.970000267028809
2016-06-08,15.930000305175781
2016-06-09,15.789999961853027
2016-06-10,15.460000038146973
2016-06-13,15.4399995803833
2016-06-14,15.199999809265137
2016-06-15,15.3100004196167
2016-06-16,15.140000343322754
2016-06-17,15.5600004196167
2016-06-20,15.539999961853027
2016-06-21,15.300000190734863
2016-06-22,15.359999656677246
2016-06-23,15.489999771118164
2016-06-24,14.920000076293945
2016-06-27,13.760000228881836
2016-06-28,13.529999732971191
2016-06-29,13.59000015258789
2016-06-30,13.6899995803833
2016-07-01,13.970000267028809
2016-07-05,13.539999961853027
2016-07-06,13.100000381469727
2016-07-07,13.59000015258789
2016-07-08,14.1899995803833
2016-07-11,14.649999618530273
2016-07-12,15.15999984741211
2016-07-13,15.25
2016-07-14,15.699999809265137
2016-07-15,15.75
2016-07-18,15.960000038146973
2016-07-19,15.850000381469727
2016-07-20,15.859999656677246
2016-07-21,15.800000190734863
2016-07-22,15.770000457763672
2016-07-25,15.779999732971191
2016-07-26,16.3700008392334
2016-07-27,15.3100004196167
2016-07-28,14.149999618530273
2016-07-29,13.680000305175781
2016-08-01,13.680000305175781
2016-08-02,13.59000015258789
2016-08-03,13.170000076293945
2016-08-04,13.34000015258789
2016-08-05,13.949999809265137
2016-08-08,14.039999961853027
2016-08-09,13.899999618530273
2016-08-10,13.84000015258789
2016-08-11,13.869999885559082
2016-08-12,13.989999771118164
2016-08-15,14.390000343322754
2016-08-16,14.489999771118164
2016-08-17,14.0600004196167
2016-08-18,13.970000267028809
2016-08-19,14.380000114440918
2016-08-22,14.119999885559082
2016-08-23,14.4399995803833
2016-08-24,14.399999618530273
2016-08-25,14.039999961853027
2016-08-26,14.140000343322754
2016-08-29,14.170000076293945
2016-08-30,14.180000305175781
2016-08-31,13.989999771118164
2016-09-01,14.020000457763672
2016-09-02,14.149999618530273
2016-09-06,14.109999656677246
2016-09-07,13.800000190734863
2016-09-08,14.359999656677246
2016-09-09,14.180000305175781
2016-09-12,14.25
2016-09-13,14.279999732971191
2016-09-14,14.170000076293945
2016-09-15,14.720000267028809
2016-09-16,14.710000038146973
2016-09-19,14.5600004196167
2016-09-20,14.170000076293945
2016-09-21,14.300000190734863
2016-09-22,14.430000305175781
2016-09-23,14.420000076293945
2016-09-26,13.9399995803833
2016-09-27,13.789999961853027
2016-09-28,14.140000343322754
2016-09-29,14.0600004196167
2016-09-30,14.140000343322754
2016-10-03,14.149999618530273
2016-10-04,14.539999961853027
2016-10-05,14.720000267028809
2016-10-06,14.390000343322754
2016-10-07,14.5
2016-10-10,14.630000114440918
2016-10-11,14.649999618530273
2016-10-12,14.380000114440918
2016-10-13,14.1899995803833
2016-10-14,14.1899995803833
2016-10-17,14.069999694824219
2016-10-18,14.649999618530273
2016-10-19,14.779999732971191
2016-10-20,14.960000038146973
2016-10-21,14.9399995803833
2016-10-24,15.229999542236328
2016-10-25,16.420000076293945
2016-10-26,15.199999809265137
2016-10-27,15.029999732971191
2016-10-28,14.890000343322754
2016-10-31,15.050000190734863
2016-11-01,15.0
2016-11-02,14.760000228881836
2016-11-03,14.670000076293945
2016-11-04,14.600000381469727
2016-11-07,14.979999542236328
2016-11-08,14.9399995803833
2016-11-09,15.220000267028809
2016-11-10,15.710000038146973
2016-11-11,15.75
2016-11-14,16.200000762939453
2016-11-15,16.270000457763672
2016-11-16,16.100000381469727
2016-11-17,16.31999969482422
2016-11-18,16.299999237060547
2016-11-21,16.56999969482422
2016-11-22,16.469999313354492
2016-11-23,16.700000762939453
2016-11-25,16.899999618530273
2016-11-28,16.760000228881836
2016-11-29,16.149999618530273
2016-11-30,16.270000457763672
2016-12-01,16.020000457763672
2016-12-02,15.329999923706055
2016-12-05,15.829999923706055
2016-12-06,16.100000381469727
2016-12-07,16.40999984741211
2016-12-08,16.90999984741211
2016-12-09,17.139999389648438
2016-12-12,17.110000610351562
2016-12-13,17.25
2016-12-14,16.93000030517578
2016-12-15,16.889999389648438
2016-12-16,17.0
2016-12-19,17.059999465942383
2016-12-20,17.020000457763672
2016-12-21,17.200000762939453
2016-12-22,17.18000030517578
2016-12-23,17.200000762939453
2016-12-27,17.489999771118164
2016-12-28,17.459999084472656
2016-12-29,17.110000610351562
2016-12-30,17.010000228881836
2017-01-03,17.25
2017-01-04,17.049999237060547
2017-01-05,16.809999465942383
2017-01-06,16.670000076293945
2017-01-09,16.540000915527344
2017-01-10,16.799999237060547
2017-01-11,16.8799991607666
2017-01-12,17.299999237060547
2017-01-13,17.719999313354492
2017-01-17,17.3700008392334
2017-01-18,17.719999313354492
2017-01-19,17.600000381469727
2017-01-20,17.43000030517578
2017-01-23,17.65999984741211
2017-01-24,18.25
2017-01-25,18.209999084472656
2017-01-26,18.020000457763672
2017-01-27,18.209999084472656
2017-01-30,18.059999465942383
2017-01-31,18.020000457763672
2017-02-01,18.350000381469727
2017-02-02,18.110000610351562
2017-02-03,18.34000015258789
2017-02-06,18.209999084472656
2017-02-07,19.34000015258789
2017-02-08,18.799999237060547
2017-02-09,18.790000915527344
2017-02-10,18.829999923706055
2017-02-13,19.0
2017-02-14,19.280000686645508
2017-02-15,19.530000686645508
2017-02-16,19.530000686645508
2017-02-17,19.68000030517578
2017-02-21,19.81999969482422
2017-02-22,19.440000534057617
2017-02-23,19.329999923706055
2017-02-24,18.8700008392334
2017-02-27,19.15999984741211
2017-02-28,19.049999237060547
2017-03-01,19.6299991607666
2017-03-02,19.31999969482422
2017-03-03,18.8799991607666
2017-03-06,18.540000915527344
2017-03-07,18.489999771118164
2017-03-08,18.469999313354492
2017-03-09,18.329999923706055
2017-03-10,18.510000228881836
2017-03-13,18.579999923706055
2017-03-14,18.649999618530273
2017-03-15,18.899999618530273
2017-03-16,19.209999084472656
2017-03-17,19.170000076293945
2017-03-20,19.290000915527344
2017-03-21,19.31999969482422
2017-03-22,18.56999969482422
2017-03-23,18.850000381469727
2017-03-24,19.209999084472656
2017-03-27,18.8799991607666
2017-03-28,19.059999465942383
2017-03-29,19.100000381469727
2017-03-30,19.209999084472656
2017-03-31,19.200000762939453
2017-04-03,19.030000686645508
2017-04-04,18.8799991607666
2017-04-05,18.989999771118164
2017-04-06,18.84000015258789
2017-04-07,18.959999084472656
2017-04-10,19.229999542236328
2017-04-11,18.8799991607666
2017-04-12,18.8799991607666
2017-04-13,18.829999923706055
2017-04-17,19.079999923706055
2017-04-18,19.06999969482422
2017-04-19,19.360000610351562
2017-04-20,19.5
2017-04-21,19.329999923706055
2017-04-24,19.579999923706055
2017-04-25,19.899999618530273
2017-04-26,19.790000915527344
2017-04-27,18.780000686645508
2017-04-28,18.219999313354492
2017-05-01,17.93000030517578
2017-05-02,18.0
2017-05-03,17.59000015258789
2017-05-04,17.709999084472656
2017-05-05,17.8700008392334
2017-05-08,17.959999084472656
2017-05-09,17.979999542236328
2017-05-10,17.940000534057617
2017-05-11,17.700000762939453
2017-05-12,17.760000228881836
2017-05-15,18.360000610351562
2017-05-16,18.540000915527344
2017-05-17,18.520000457763672
2017-05-18,17.450000762939453
2017-05-19,17.770000457763672
2017-05-22,17.920000076293945
2017-05-23,17.790000915527344
2017-05-24,17.719999313354492
2017-05-25,17.739999771118164
2017-05-26,17.309999465942383
2017-05-30,17.309999465942383
2017-05-31,17.18000030517578
2017-06-01,17.829999923706055
2017-06-02,18.40999984741211
2017-06-05,18.260000228881836
2017-06-06,18.450000762939453
2017-06-07,18.420000076293945
2017-06-08,18.690000534057617
2017-06-09,19.1299991607666
2017-06-12,18.56999969482422
2017-06-13,18.489999771118164
2017-06-14,17.889999389648438
2017-06-15,17.610000610351562
2017-06-16,17.68000030517578
2017-06-19,17.719999313354492
2017-06-20,17.729999542236328
2017-06-21,17.399999618530273
2017-06-22,17.43000030517578
2017-06-23,17.5
2017-06-26,17.729999542236328
2017-06-27,17.489999771118164
2017-06-28,17.6200008392334
2017-06-29,17.709999084472656
2017-06-30,17.280000686645508
2017-07-03,17.149999618530273
2017-07-05,16.959999084472656
2017-07-06,16.719999313354492
2017-07-07,16.889999389648438
2017-07-10,16.920000076293945
2017-07-11,16.420000076293945
2017-07-12,16.719999313354492
2017-07-13,16.5
2017-07-14,16.469999313354492
2017-07-17,16.549999237060547
2017-07-18,16.40999984741211
2017-07-19,16.719999313354492
2017-07-20,16.600000381469727
2017-07-21,16.829999923706055
2017-07-24,16.68000030517578
2017-07-25,16.65999984741211
2017-07-26,16.709999084472656
2017-07-27,16.530000686645508
2017-07-28,15.420000076293945
2017-07-31,15.40999984741211
2017-08-01,15.520000457763672
2017-08-02,15.710000038146973
2017-08-03,15.550000190734863
2017-08-04,15.4399995803833
2017-08-07,15.539999961853027
2017-08-08,15.420000076293945
2017-08-09,15.489999771118164
2017-08-10,15.270000457763672
2017-08-11,15.0
2017-08-14,14.979999542236328
2017-08-15,14.859999656677246
2017-08-16,14.920000076293945
2017-08-17,14.720000267028809
2017-08-18,14.319999694824219
2017-08-21,14.329999923706055
2017-08-22,14.34000015258789
2017-08-23,14.449999809265137
2017-08-24,14.630000114440918
2017-08-25,14.869999885559082
2017-08-28,14.800000190734863
2017-08-29,14.670000076293945
2017-08-30,14.960000038146973
2017-08-31,14.949999809265137
2017-09-01,15.010000228881836
2017-09-05,15.039999961853027
2017-09-06,14.9399995803833
2017-09-07,14.84000015258789
2017-09-08,14.65999984741211
2017-09-11,14.9399995803833
2017-09-12,15.40999984741211
2017-09-13,15.3100004196167
2017-09-14,15.109999656677246
2017-09-15,15.210000038146973
2017-09-18,15.34000015258789
2017-09-19,15.390000343322754
2017-09-20,15.390000343322754
2017-09-21,15.449999809265137
2017-09-22,15.5
2017-09-25,15.25
2017-09-26,15.09000015258789
2017-09-27,15.489999771118164
2017-09-28,15.369999885559082
2017-09-29,15.319999694824219
2017-10-02,15.579999923706055
2017-10-03,15.710000038146973
2017-10-04,15.960000038146973
2017-10-05,15.930000305175781
2017-10-06,15.880000114440918
2017-10-09,15.920000076293945
2017-10-10,15.819999694824219
2017-10-11,15.670000076293945
2017-10-12,15.720000267028809
2017-10-13,15.729999542236328
2017-10-16,15.569999694824219
2017-10-17,15.75
2017-10-18,16.040000915527344
2017-10-19,15.869999885559082
2017-10-20,15.760000228881836
2017-10-23,15.760000228881836
2017-10-24,15.90999984741211
2017-10-25,15.800000190734863
2017-10-26,16.489999771118164
2017-10-27,16.1299991607666
2017-10-30,16.459999084472656
2017-10-31,16.610000610351562
2017-11-01,16.700000762939453
2017-11-02,16.34000015258789
2017-11-03,16.329999923706055
2017-11-06,16.520000457763672
2017-11-07,16.489999771118164
2017-11-08,16.209999084472656
2017-11-09,16.170000076293945
2017-11-10,16.469999313354492
2017-11-13,16.440000534057617
2017-11-14,16.100000381469727
2017-11-15,16.100000381469727
2017-11-16,16.18000030517578
2017-11-17,16.270000457763672
2017-11-20,16.15999984741211
2017-11-21,16.719999313354492
2017-11-22,16.979999542236328
2017-11-24,16.729999542236328
2017-11-27,16.729999542236328
2017-11-28,16.799999237060547
2017-11-29,16.950000762939453
2017-11-30,16.219999313354492
2017-12-01,15.760000228881836
2017-12-04,15.600000381469727
2017-12-05,15.130000114440918
2017-12-06,14.979999542236328
2017-12-07,14.930000305175781
2017-12-08,14.789999961853027
2017-12-11,14.760000228881836
2017-12-12,14.850000381469727
2017-12-13,14.930000305175781
2017-12-14,14.760000228881836
2017-12-15,14.819999694824219
2017-12-18,15.25
2017-12-19,15.239999771118164
2017-12-20,15.350000381469727
2017-12-21,15.4399995803833
2017-12-22,15.140000343322754
2017-12-26,14.9399995803833
2017-12-27,14.789999961853027
2017-12-28,14.779999732971191
2017-12-29,14.899999618530273
2018-01-02,15.140000343322754
2018-01-03,15.420000076293945
2018-01-04,15.569999694824219
2018-01-05,15.710000038146973
2018-01-08,16.020000457763672
2018-01-09,16.0
2018-01-10,15.739999771118164
2018-01-11,15.880000114440918
2018-01-12,16.270000457763672
2018-01-16,16.6200008392334
2018-01-17,16.6299991607666
2018-01-18,16.600000381469727
2018-01-19,16.290000915527344
2018-01-22,16.139999389648438
2018-01-23,15.829999923706055
2018-01-24,15.84000015258789
2018-01-25,15.699999809265137
2018-01-26,15.380000114440918
2018-01-29,15.430000305175781
2018-01-30,15.25
2018-01-31,15.420000076293945
2018-02-01,15.34000015258789
2018-02-02,15.130000114440918
2018-02-05,14.779999732971191
2018-02-06,14.449999809265137
2018-02-07,14.5
2018-02-08,14.989999771118164
2018-02-09,13.760000228881836
2018-02-12,13.819999694824219
2018-02-13,13.699999809265137
2018-02-14,14.149999618530273
2018-02-15,14.529999732971191
2018-02-16,14.5
2018-02-20,14.5600004196167
2018-02-21,14.670000076293945
2018-02-22,14.890000343322754
2018-02-23,14.609999656677246
2018-02-26,14.850000381469727
2018-02-27,14.90999984741211
2018-02-28,14.680000305175781
2018-03-01,14.770000457763672
2018-03-02,14.539999961853027
2018-03-05,14.619999885559082
2018-03-06,14.75
2018-03-07,14.829999923706055
2018-03-08,14.890000343322754
2018-03-09,14.819999694824219
2018-03-12,14.739999771118164
2018-03-13,14.720000267028809
2018-03-14,14.380000114440918
2018-03-15,14.100000381469727
2018-03-16,14.020000457763672
2018-03-19,13.880000114440918
2018-03-20,13.640000343322754
2018-03-21,13.670000076293945
2018-03-22,13.300000190734863
2018-03-23,12.949999809265137
2018-03-26,12.859999656677246
2018-03-27,12.869999885559082
2018-03-28,12.529999732971191
2018-03-29,12.710000038146973
2018-04-02,12.420000076293945
2018-04-03,12.239999771118164
2018-04-04,12.369999885559082
2018-04-05,12.529999732971191
2018-04-06,12.390000343322754
2018-04-09,12.239999771118164
2018-04-10,12.359999656677246
2018-04-11,12.5
2018-04-12,12.670000076293945
2018-04-13,12.710000038146973
2018-04-16,12.760000228881836
2018-04-17,12.5
2018-04-18,12.25
2018-04-19,12.119999885559082
2018-04-20,11.779999732971191
2018-04-23,11.619999885559082
2018-04-24,11.739999771118164
2018-04-25,11.489999771118164
2018-04-26,11.380000114440918
2018-04-27,14.270000457763672
2018-04-30,13.020000457763672
2018-05-01,12.800000190734863
2018-05-02,13.079999923706055
2018-05-03,13.020000457763672
2018-05-04,13.609999656677246
2018-05-07,13.59000015258789
2018-05-08,13.65999984741211
2018-05-09,13.75
2018-05-10,13.880000114440918
2018-05-11,13.890000343322754
2018-05-14,14.1899995803833
2018-05-15,14.229999542236328
2018-05-16,14.210000038146973
2018-05-17,14.550000190734863
2018-05-18,14.619999885559082
2018-05-21,14.520000457763672
2018-05-22,14.670000076293945
2018-05-23,14.460000038146973
2018-05-24,14.460000038146973
2018-05-25,14.489999771118164
2018-05-29,14.5
2018-05-30,14.710000038146973
2018-05-31,14.789999961853027
2018-06-01,14.890000343322754
2018-06-04,14.949999809265137
2018-06-05,15.260000228881836
2018-06-06,15.300000190734863
2018-06-07,15.5
2018-06-08,15.510000228881836
2018-06-11,15.949999809265137
2018-06-12,16.020000457763672
2018-06-13,16.040000915527344
2018-06-14,16.040000915527344
2018-06-15,15.979999542236328
2018-06-18,15.789999961853027
2018-06-19,15.510000228881836
2018-06-20,15.59000015258789
2018-06-21,15.569999694824219
2018-06-22,15.470000267028809
2018-06-25,15.350000381469727
2018-06-26,15.5600004196167
2018-06-27,15.619999885559082
2018-06-28,15.399999618530273
2018-06-29,15.40999984741211
2018-07-02,15.460000038146973
2018-07-03,15.569999694824219
2018-07-05,15.890000343322754
2018-07-06,16.059999465942383
2018-07-09,16.299999237060547
2018-07-10,16.450000762939453
2018-07-11,16.170000076293945
2018-07-12,15.970000267028809
2018-07-13,15.970000267028809
2018-07-16,15.899999618530273
2018-07-17,15.989999771118164
2018-07-18,16.059999465942383
2018-07-19,16.229999542236328
2018-07-20,16.219999313354492
2018-07-23,15.869999885559082
2018-07-24,15.949999809265137
2018-07-25,17.780000686645508
2018-07-26,18.31999969482422
2018-07-27,18.309999465942383
2018-07-30,17.950000762939453
2018-07-31,17.520000457763672
2018-08-01,17.739999771118164
2018-08-02,17.950000762939453
2018-08-03,17.709999084472656
2018-08-06,17.860000610351562
2018-08-07,18.040000915527344
2018-08-08,17.860000610351562
2018-08-09,17.8799991607666
2018-08-10,17.81999969482422
2018-08-13,17.829999923706055
2018-08-14,17.729999542236328
2018-08-15,17.489999771118164
2018-08-16,17.579999923706055
2018-08-17,17.520000457763672
2018-08-20,17.600000381469727
2018-08-21,17.510000228881836
2018-08-22,17.540000915527344
2018-08-23,17.739999771118164
2018-08-24,17.770000457763672
2018-08-27,17.889999389648438
2018-08-28,17.780000686645508
2018-08-29,17.670000076293945
2018-08-30,17.729999542236328
2018-08-31,18.139999389648438
2018-09-04,18.290000915527344
2018-09-05,17.950000762939453
2018-09-06,17.940000534057617
2018-09-07,16.84000015258789
2018-09-10,16.510000228881836
2018-09-11,16.530000686645508
2018-09-12,16.489999771118164
2018-09-13,16.520000457763672
2018-09-14,16.469999313354492
2018-09-17,16.149999618530273
2018-09-18,16.09000015258789
2018-09-19,16.15999984741211
2018-09-20,16.489999771118164
2018-09-21,16.670000076293945
2018-09-24,16.5
2018-09-25,16.610000610351562
2018-09-26,16.600000381469727
2018-09-27,16.459999084472656
2018-09-28,16.649999618530273
2018-10-01,16.75
2018-10-02,16.219999313354492
2018-10-03,16.059999465942383
2018-10-04,15.949999809265137
2018-10-05,15.380000114440918
2018-10-08,14.930000305175781
2018-10-09,14.699999809265137
2018-10-10,14.489999771118164
2018-10-11,14.170000076293945
2018-10-12,14.220000267028809
2018-10-15,14.579999923706055
2018-10-16,14.930000305175781
2018-10-17,15.0
2018-10-18,14.520000457763672
2018-10-19,14.4399995803833
2018-10-22,14.470000267028809
2018-10-23,14.470000267028809
2018-10-24,14.430000305175781
2018-10-25,16.0
2018-10-26,15.59000015258789
2018-10-29,15.550000190734863
2018-10-30,15.739999771118164
2018-10-31,16.530000686645508
2018-11-01,16.75
2018-11-02,16.75
2018-11-05,16.389999389648438
2018-11-06,16.65999984741211
2018-11-07,16.459999084472656
2018-11-08,16.15999984741211
2018-11-09,16.020000457763672
2018-11-12,15.1899995803833
2018-11-13,14.720000267028809
2018-11-14,14.699999809265137
2018-11-15,15.0
2018-11-16,15.170000076293945
2018-11-19,15.010000228881836
2018-11-20,14.75
2018-11-21,14.930000305175781
2018-11-23,15.0
2018-11-26,15.109999656677246
2018-11-27,14.890000343322754
2018-11-28,14.869999885559082
2018-11-29,15.15999984741211
2018-11-30,15.279999732971191
2018-12-03,15.670000076293945
2018-12-04,15.369999885559082
2018-12-06,14.5600004196167
2018-12-07,14.850000381469727
2018-12-10,14.420000076293945
2018-12-11,14.4399995803833
2018-12-12,14.420000076293945
2018-12-13,14.289999961853027
2018-12-14,14.15999984741211
2018-12-17,14.100000381469727
2018-12-18,14.1899995803833
2018-12-19,14.229999542236328
2018-12-20,14.0
2018-12-21,13.770000457763672
2018-12-24,13.079999923706055
2018-12-26,13.220000267028809
2018-12-27,13.199999809265137
2018-12-28,13.649999618530273
2018-12-31,13.550000190734863
2019-01-02,13.479999542236328
2019-01-03,13.0600004196167
2019-01-04,12.619999885559082
2019-01-07,12.65999984741211
2019-01-08,13.0
2019-01-09,13.329999923706055
2019-01-10,13.630000114440918
2019-01-11,13.779999732971191
2019-01-14,13.59000015258789
2019-01-15,13.579999923706055
2019-01-16,13.720000267028809
2019-01-17,14.020000457763672
2019-01-18,14.279999732971191
2019-01-22,14.130000114440918
2019-01-23,14.229999542236328
2019-01-24,14.380000114440918
2019-01-25,14.770000457763672
2019-01-28,14.949999809265137
2019-01-29,15.15999984741211
2019-01-30,15.390000343322754
2019-01-31,15.609999656677246
2019-02-01,15.680000305175781
2019-02-04,15.65999984741211
2019-02-05,15.8100004196167
2019-02-06,16.040000915527344
2019-02-07,15.869999885559082
2019-02-08,16.239999771118164
2019-02-11,16.149999618530273
2019-02-12,16.079999923706055
2019-02-13,15.90999984741211
2019-02-14,16.0
2019-02-15,16.219999313354492
2019-02-19,16.18000030517578
2019-02-20,16.3799991607666
2019-02-21,16.290000915527344
2019-02-22,16.40999984741211
2019-02-25,16.649999618530273
2019-02-26,16.389999389648438
2019-02-27,16.420000076293945
2019-02-28,16.3799991607666
2019-03-01,16.540000915527344
2019-03-04,16.479999542236328
2019-03-05,16.3799991607666
2019-03-06,16.3700008392334
2019-03-07,16.200000762939453
2019-03-08,15.890000343322754
2019-03-11,16.299999237060547
2019-03-12,16.850000381469727
2019-03-13,17.09000015258789
2019-03-14,17.09000015258789
2019-03-15,17.43000030517578
2019-03-18,17.399999618530273
2019-03-19,16.780000686645508
2019-03-20,16.899999618530273
2019-03-21,17.209999084472656
2019-03-22,16.979999542236328
2019-03-25,16.780000686645508
2019-03-26,16.829999923706055
2019-03-27,16.90999984741211
2019-03-28,16.959999084472656
2019-03-29,17.65999984741211
2019-04-01,18.040000915527344
2019-04-02,17.760000228881836
2019-04-03,17.940000534057617
2019-04-04,18.149999618530273
2019-04-05,18.18000030517578
2019-04-08,18.209999084472656
2019-04-09,18.100000381469727
2019-04-10,18.25
2019-04-11,18.399999618530273
2019-04-12,18.850000381469727
2019-04-15,19.010000228881836
2019-04-16,19.290000915527344
2019-04-17,19.25
2019-04-18,18.75
2019-04-22,18.610000610351562
2019-04-23,18.639999389648438
2019-04-24,18.65999984741211
2019-04-25,19.43000030517578
2019-04-26,19.049999237060547
2019-04-29,18.860000610351562
2019-04-30,18.889999389648438
2019-05-01,19.100000381469727
2019-05-02,18.649999618530273
2019-05-03,19.200000762939453
2019-05-06,19.049999237060547
2019-05-07,18.81999969482422
2019-05-08,18.899999618530273
2019-05-09,18.5
2019-05-10,18.270000457763672
2019-05-13,17.8799991607666
2019-05-14,17.770000457763672
2019-05-15,17.670000076293945
2019-05-16,17.959999084472656
2019-05-17,17.700000762939453
2019-05-20,17.1200008392334
2019-05-21,17.09000015258789
2019-05-22,16.889999389648438
2019-05-23,16.559999465942383
2019-05-24,16.690000534057617
2019-05-28,16.270000457763672
2019-05-29,16.030000686645508
2019-05-30,16.190000534057617
2019-05-31,15.880000114440918
2019-06-03,15.890000343322754
2019-06-04,16.200000762939453
2019-06-05,17.15999984741211
2019-06-06,17.110000610351562
2019-06-07,17.280000686645508
2019-06-10,17.600000381469727
2019-06-11,17.709999084472656
2019-06-12,17.450000762939453
2019-06-13,17.639999389648438
2019-06-14,17.309999465942383
2019-06-17,17.43000030517578
2019-06-18,17.790000915527344
2019-06-19,17.559999465942383
2019-06-20,17.670000076293945
2019-06-21,17.420000076293945
2019-06-24,17.110000610351562
2019-06-25,17.1200008392334
2019-06-26,17.270000457763672
2019-06-27,17.670000076293945
2019-06-28,18.360000610351562
2019-07-01,19.049999237060547
2019-07-02,18.3799991607666
2019-07-03,18.399999618530273
2019-07-05,18.299999237060547
2019-07-08,18.280000686645508
2019-07-09,17.959999084472656
2019-07-10,18.149999618530273
2019-07-11,17.889999389648438
2019-07-12,18.1200008392334
2019-07-15,18.0
2019-07-16,17.579999923706055
2019-07-17,17.719999313354492
2019-07-18,17.59000015258789
2019-07-19,17.729999542236328
2019-07-22,17.760000228881836
2019-07-23,17.790000915527344
2019-07-24,18.229999542236328
2019-07-25,20.0
2019-07-26,20.059999465942383
2019-07-29,20.15999984741211
2019-07-30,20.65999984741211
2019-07-31,20.700000762939453
2019-08-01,20.989999771118164
2019-08-02,19.829999923706055
2019-08-05,19.280000686645508
2019-08-06,19.579999923706055
2019-08-07,19.799999237060547
2019-08-08,20.360000610351562
2019-08-09,20.1200008392334
2019-08-12,19.729999542236328
2019-08-13,19.979999542236328
2019-08-14,19.549999237060547
2019-08-15,19.639999389648438
2019-08-16,20.200000762939453
2019-08-19,20.43000030517578
2019-08-20,20.56999969482422
2019-08-21,20.889999389648438
2019-08-22,20.950000762939453
2019-08-23,20.709999084472656
2019-08-26,20.299999237060547
2019-08-27,20.100000381469727
2019-08-28,20.25
2019-08-29,20.59000015258789
2019-08-30,20.59000015258789
2019-09-03,20.450000762939453
2019-09-04,20.43000030517578
2019-09-05,21.290000915527344
2019-09-06,21.239999771118164
2019-09-09,21.420000076293945
2019-09-10,21.280000686645508
2019-09-11,21.34000015258789
2019-09-12,21.3799991607666
2019-09-13,21.100000381469727
2019-09-16,20.889999389648438
2019-09-17,20.56999969482422
2019-09-18,20.350000381469727
2019-09-19,20.75
2019-09-20,20.3799991607666
2019-09-23,20.510000228881836
2019-09-24,20.969999313354492
2019-09-25,21.360000610351562
2019-09-26,21.25
2019-09-27,20.75
2019-09-30,20.6200008392334
2019-10-01,20.59000015258789
2019-10-02,19.8700008392334
2019-10-03,19.8799991607666
2019-10-04,20.65999984741211
2019-10-07,20.709999084472656
2019-10-08,20.420000076293945
2019-10-09,20.489999771118164
2019-10-10,20.549999237060547
2019-10-11,21.09000015258789
2019-10-14,21.06999969482422
2019-10-15,21.760000228881836
2019-10-16,22.049999237060547
2019-10-17,22.059999465942383
2019-10-18,21.920000076293945
2019-10-21,22.09000015258789
2019-10-22,21.889999389648438
2019-10-23,21.59000015258789
2019-10-24,21.780000686645508
2019-10-25,22.0
2019-10-28,21.34000015258789
2019-10-29,21.170000076293945
2019-10-30,21.440000534057617
2019-10-31,21.579999923706055
2019-11-01,22.15999984741211
2019-11-04,22.350000381469727
2019-11-05,22.790000915527344
2019-11-06,22.780000686645508
2019-11-07,22.600000381469727
2019-11-08,22.309999465942383
2019-11-11,21.959999084472656
2019-11-12,22.09000015258789
2019-11-13,21.93000030517578
2019-11-14,21.979999542236328
2019-11-15,22.15999984741211
2019-11-18,22.010000228881836
2019-11-19,22.010000228881836
2019-11-20,21.8700008392334
2019-11-21,21.700000762939453
2019-11-22,21.760000228881836
2019-11-25,22.030000686645508
2019-11-26,22.170000076293945
2019-11-27,22.280000686645508
2019-11-29,22.31999969482422
2019-12-02,21.979999542236328
2019-12-03,21.540000915527344
2019-12-04,21.799999237060547
2019-12-05,21.81999969482422
2019-12-06,22.270000457763672
2019-12-09,22.0
2019-12-10,22.010000228881836
2019-12-11,21.860000610351562
2019-12-12,22.1299991607666
2019-12-13,21.959999084472656
2019-12-16,21.959999084472656
2019-12-17,21.799999237060547
2019-12-18,21.979999542236328
2019-12-19,21.84000015258789
2019-12-20,22.09000015258789
2019-12-23,21.829999923706055
2019-12-24,21.65999984741211
2019-12-26,21.510000228881836
2019-12-27,21.270000457763672
2019-12-30,21.350000381469727
2019-12-31,21.520000457763672
2020-01-02,21.459999084472656
2020-01-03,21.459999084472656
2020-01-06,21.59000015258789
2020-01-07,21.850000381469727
2020-01-08,22.1299991607666
2020-01-09,22.200000762939453
2020-01-10,21.010000228881836
2020-01-13,21.100000381469727
2020-01-14,20.93000030517578
2020-01-15,20.809999465942383
2020-01-16,20.899999618530273
2020-01-17,20.8799991607666
2020-01-21,20.690000534057617
2020-01-22,20.8799991607666
2020-01-23,21.25
2020-01-24,21.25
2020-01-27,20.75
2020-01-28,20.610000610351562
2020-01-29,20.530000686645508
2020-01-30,20.280000686645508
2020-01-31,20.15999984741211
2020-02-03,20.170000076293945
2020-02-04,20.530000686645508
2020-02-05,17.850000381469727
2020-02-06,16.459999084472656
2020-02-07,16.15999984741211
2020-02-10,16.770000457763672
2020-02-11,17.049999237060547
2020-02-12,17.3700008392334
2020-02-13,17.6200008392334
2020-02-14,17.75
2020-02-18,18.479999542236328
2020-02-19,18.0
2020-02-20,17.639999389648438
2020-02-21,17.329999923706055
2020-02-24,16.989999771118164
2020-02-25,17.18000030517578
2020-02-26,17.18000030517578
2020-02-27,16.90999984741211
2020-02-28,16.65999984741211
2020-03-02,16.8799991607666
2020-03-03,17.1299991607666
2020-03-04,16.940000534057617
2020-03-05,16.690000534057617
2020-03-06,16.25
2020-03-09,15.930000305175781
2020-03-10,15.819999694824219
2020-03-11,15.199999809265137
2020-03-12,14.470000267028809
2020-03-13,14.0600004196167
2020-03-16,13.739999771118164
2020-03-17,12.670000076293945
2020-03-18,12.029999732971191
2020-03-19,12.569999694824219
2020-03-20,12.710000038146973
2020-03-23,12.779999732971191
2020-03-24,13.40999984741211
2020-03-25,13.619999885559082
2020-03-26,14.739999771118164
2020-03-27,14.649999618530273
2020-03-30,14.609999656677246
2020-03-31,14.3100004196167
2020-04-01,13.15999984741211
2020-04-02,13.4399995803833
2020-04-03,13.020000457763672
2020-04-06,14.25
2020-04-07,14.760000228881836
2020-04-08,14.84000015258789
2020-04-09,15.050000190734863
2020-04-13,15.0600004196167
2020-04-14,15.3100004196167
2020-04-15,14.65999984741211
2020-04-16,14.729999542236328
2020-04-17,15.239999771118164
2020-04-20,15.199999809265137
2020-04-21,14.699999809265137
2020-04-22,14.760000228881836
2020-04-23,14.84000015258789
2020-04-24,15.0
2020-04-27,15.609999656677246
2020-04-28,15.899999618530273
2020-04-29,16.190000534057617
2020-04-30,15.930000305175781
2020-05-01,15.420000076293945
2020-05-04,15.34000015258789
2020-05-05,15.260000228881836
2020-05-06,15.15999984741211
2020-05-07,14.75
2020-05-08,14.600000381469727
2020-05-11,14.470000267028809
2020-05-12,14.319999694824219
2020-05-13,13.710000038146973
2020-05-14,13.1899995803833
2020-05-15,13.390000343322754
2020-05-18,13.989999771118164
2020-05-19,14.1899995803833
2020-05-20,14.6899995803833
2020-05-21,14.649999618530273
2020-05-22,14.449999809265137
2020-05-26,14.949999809265137
2020-05-27,15.460000038146973
2020-05-28,15.5
2020-05-29,15.100000381469727
2020-06-01,15.699999809265137
2020-06-02,15.760000228881836
2020-06-03,16.34000015258789
2020-06-04,16.440000534057617
2020-06-05,17.049999237060547
2020-06-08,16.959999084472656
2020-06-09,17.010000228881836
2020-06-10,16.799999237060547
2020-06-11,16.020000457763672
2020-06-12,16.020000457763672
2020-06-15,15.890000343322754
2020-06-16,16.389999389648438
2020-06-17,16.350000381469727
2020-06-18,16.170000076293945
2020-06-19,16.200000762939453
2020-06-22,15.729999542236328
2020-06-23,16.0
2020-06-24,15.609999656677246
2020-06-25,15.350000381469727
2020-06-26,15.319999694824219
2020-06-29,15.180000305175781
2020-06-30,15.380000114440918
2020-07-01,15.399999618530273
2020-07-02,15.470000267028809
2020-07-06,15.619999885559082
2020-07-07,15.319999694824219
2020-07-08,15.069999694824219
2020-07-09,15.0600004196167
2020-07-10,15.010000228881836
2020-07-13,15.270000457763672
2020-07-14,14.819999694824219
2020-07-15,15.319999694824219
2020-07-16,15.119999885559082
2020-07-17,15.380000114440918
2020-07-20,15.130000114440918
2020-07-21,15.40999984741211
2020-07-22,15.390000343322754
2020-07-23,15.3100004196167
2020-07-24,15.029999732971191
2020-07-27,14.859999656677246
2020-07-28,14.850000381469727
2020-07-29,14.75
2020-07-30,16.09000015258789
2020-07-31,15.819999694824219
2020-08-03,15.850000381469727
2020-08-04,15.930000305175781
2020-08-05,16.0
2020-08-06,16.100000381469727
2020-08-07,16.040000915527344
2020-08-10,16.200000762939453
2020-08-11,16.09000015258789
2020-08-12,15.949999809265137
2020-08-13,15.989999771118164
2020-08-14,15.770000457763672
2020-08-17,15.649999618530273
2020-08-18,15.539999961853027
2020-08-19,15.319999694824219
2020-08-20,15.149999618530273
2020-08-21,14.920000076293945
2020-08-24,15.270000457763672
2020-08-25,15.4399995803833
2020-08-26,15.430000305175781
2020-08-27,15.4399995803833
2020-08-28,15.260000228881836
2020-08-31,15.279999732971191
2020-09-01,15.300000190734863
2020-09-02,15.670000076293945
2020-09-03,15.619999885559082
2020-09-04,15.569999694824219
2020-09-08,15.510000228881836
2020-09-09,15.390000343322754
2020-09-10,15.359999656677246
2020-09-11,15.170000076293945
2020-09-14,15.649999618530273
2020-09-15,15.699999809265137
2020-09-16,15.630000114440918
2020-09-17,15.34000015258789
2020-09-18,15.3100004196167
2020-09-21,14.619999885559082
2020-09-22,14.960000038146973
2020-09-23,15.020000457763672
2020-09-24,14.65999984741211
2020-09-25,14.75
2020-09-28,15.079999923706055
2020-09-29,15.279999732971191
2020-09-30,15.270000457763672
2020-10-01,15.239999771118164
2020-10-02,15.199999809265137
2020-10-05,15.4399995803833
2020-10-06,15.470000267028809
2020-10-07,15.359999656677246
2020-10-08,15.539999961853027
2020-10-09,15.949999809265137
2020-10-12,16.469999313354492
2020-10-13,17.489999771118164
2020-10-14,16.739999771118164
2020-10-15,16.229999542236328
2020-10-16,16.43000030517578
2020-10-19,16.31999969482422
2020-10-20,16.389999389648438
2020-10-21,16.34000015258789
2020-10-22,16.170000076293945
2020-10-23,16.350000381469727
2020-10-26,16.209999084472656
2020-10-27,16.170000076293945
2020-10-28,15.619999885559082
2020-10-29,15.550000190734863
2020-10-30,15.539999961853027
2020-11-02,15.119999885559082
2020-11-03,16.149999618530273
2020-11-04,15.770000457763672
2020-11-05,16.25
2020-11-06,16.219999313354492
2020-11-09,17.06999969482422
2020-11-10,16.729999542236328
2020-11-11,16.59000015258789
2020-11-12,16.450000762939453
2020-11-13,16.93000030517578
2020-11-16,17.299999237060547
2020-11-17,17.040000915527344
2020-11-18,17.239999771118164
2020-11-19,16.8700008392334
2020-11-20,17.020000457763672
2020-11-23,17.170000076293945
2020-11-24,17.31999969482422
2020-11-25,17.25
2020-11-27,17.200000762939453
2020-11-30,17.18000030517578
2020-12-01,17.489999771118164
2020-12-02,17.5
2020-12-03,17.600000381469727
2020-12-04,18.1299991607666
2020-12-07,18.09000015258789
2020-12-08,18.510000228881836
2020-12-09,18.520000457763672
2020-12-10,17.780000686645508
2020-12-11,17.600000381469727
2020-12-14,17.899999618530273
2020-12-15,17.93000030517578
2020-12-16,18.079999923706055
2020-12-17,18.110000610351562
2020-12-18,18.059999465942383
2020-12-21,17.850000381469727
2020-12-22,18.010000228881836
2020-12-23,18.200000762939453
2020-12-24,18.200000762939453
2020-12-28,18.40999984741211
2020-12-29,18.34000015258789
2020-12-30,18.389999389648438
2020-12-31,18.610000610351562
2021-01-04,18.670000076293945
2021-01-05,18.6299991607666
2021-01-06,19.270000457763672
2021-01-07,19.309999465942383
2021-01-08,19.299999237060547
2021-01-11,19.440000534057617
2021-01-12,19.59000015258789
2021-01-13,19.5
2021-01-14,19.219999313354492
2021-01-15,18.56999969482422
2021-01-19,19.299999237060547
2021-01-20,19.889999389648438
2021-01-21,19.989999771118164
2021-01-22,20.1299991607666
2021-01-25,20.18000030517578
2021-01-26,20.299999237060547
2021-01-27,19.850000381469727
2021-01-28,19.989999771118164
2021-01-29,19.5
2021-02-01,19.889999389648438
2021-02-02,20.299999237060547
2021-02-03,20.600000381469727
2021-02-04,20.549999237060547
2021-02-05,21.170000076293945
2021-02-08,21.350000381469727
2021-02-09,20.940000534057617
2021-02-10,20.920000076293945
2021-02-11,20.90999984741211
2021-02-12,21.100000381469727
2021-02-16,21.450000762939453
2021-02-17,20.940000534057617
2021-02-18,20.829999923706055
2021-02-19,21.219999313354492
2021-02-22,21.260000228881836
2021-02-23,21.5
2021-02-24,21.8799991607666
2021-02-25,21.739999771118164
2021-02-26,21.020000457763672
2021-03-01,21.450000762939453
2021-03-02,21.3799991607666
2021-03-03,21.270000457763672
2021-03-04,20.850000381469727
2021-03-05,20.6200008392334
2021-03-08,20.709999084472656
2021-03-09,20.989999771118164
2021-03-10,21.020000457763672
2021-03-11,21.200000762939453
2021-03-12,21.280000686645508
2021-03-15,21.559999465942383
2021-03-16,21.65999984741211
2021-03-17,21.549999237060547
2021-03-18,21.75
2021-03-19,21.43000030517578
2021-03-22,21.450000762939453
2021-03-23,21.25
2021-03-24,20.860000610351562
2021-03-25,20.520000457763672
2021-03-26,21.40999984741211
2021-03-29,21.309999465942383
2021-03-30,20.920000076293945
2021-03-31,21.170000076293945
2021-04-01,21.450000762939453
2021-04-05,21.940000534057617
2021-04-06,21.850000381469727
2021-04-07,21.479999542236328
2021-04-08,21.350000381469727
2021-04-09,21.270000457763672
2021-04-12,21.309999465942383
2021-04-13,21.149999618530273
2021-04-14,21.200000762939453
2021-04-15,21.170000076293945
2021-04-16,21.489999771118164
2021-04-19,21.25
2021-04-20,21.0
2021-04-21,21.170000076293945
2021-04-22,21.149999618530273
2021-04-23,22.110000610351562
2021-04-26,21.56999969482422
2021-04-27,21.309999465942383
2021-04-28,21.440000534057617
2021-04-29,21.3799991607666
2021-04-30,21.09000015258789
2021-05-03,21.260000228881836
2021-05-04,21.06999969482422
2021-05-05,20.959999084472656
2021-05-06,20.579999923706055
2021-05-07,20.59000015258789
2021-05-10,20.559999465942383
2021-05-11,19.56999969482422
2021-05-12,19.579999923706055
2021-05-13,19.700000762939453
2021-05-14,19.850000381469727
2021-05-17,20.079999923706055
2021-05-18,20.15999984741211
2021-05-19,20.15999984741211
2021-05-20,20.350000381469727
2021-05-21,20.420000076293945
2021-05-24,20.420000076293945
2021-05-25,20.469999313354492
2021-05-26,20.469999313354492
2021-05-27,20.93000030517578
2021-05-28,20.68000030517578
2021-06-01,20.790000915527344
2021-06-02,20.809999465942383
2021-06-03,20.5
2021-06-04,20.459999084472656
2021-06-07,20.389999389648438
2021-06-08,20.299999237060547
2021-06-09,20.219999313354492
2021-06-10,20.09000015258789
2021-06-11,20.25
2021-06-14,20.139999389648438
2021-06-15,20.030000686645508
2021-06-16,20.0
2021-06-17,19.860000610351562
2021-06-18,19.299999237060547
2021-06-21,19.200000762939453
2021-06-22,19.1299991607666
2021-06-23,19.209999084472656
2021-06-24,19.5
2021-06-25,19.770000457763672
2021-06-28,19.860000610351562
2021-06-29,19.989999771118164
2021-06-30,20.059999465942383
2021-07-01,19.8799991607666
2021-07-02,19.829999923706055
2021-07-06,19.670000076293945
2021-07-07,19.790000915527344
2021-07-08,19.510000228881836
2021-07-09,19.690000534057617
2021-07-12,19.75
2021-07-13,20.079999923706055
2021-07-14,20.520000457763672
2021-07-15,19.850000381469727
2021-07-16,19.940000534057617
2021-07-19,19.440000534057617
2021-07-20,19.670000076293945
2021-07-21,19.809999465942383
2021-07-22,19.559999465942383
2021-07-23,19.260000228881836
2021-07-26,19.440000534057617
2021-07-27,18.989999771118164
2021-07-28,19.459999084472656
2021-07-29,20.479999542236328
2021-07-30,20.049999237060547
2021-08-02,20.420000076293945
2021-08-03,20.209999084472656
2021-08-04,20.260000228881836
2021-08-05,20.459999084472656
2021-08-06,20.389999389648438
2021-08-09,20.290000915527344
2021-08-10,20.260000228881836
2021-08-11,20.219999313354492
2021-08-12,20.200000762939453
2021-08-13,20.030000686645508
2021-08-16,19.920000076293945
2021-08-17,19.899999618530273
2021-08-18,19.860000610351562
2021-08-19,19.440000534057617
2021-08-20,19.68000030517578
2021-08-23,19.770000457763672
2021-08-24,19.889999389648438
2021-08-25,19.850000381469727
2021-08-26,19.760000228881836
2021-08-27,20.200000762939453
2021-08-30,20.209999084472656
2021-08-31,20.1200008392334
2021-09-01,20.110000610351562
2021-09-02,20.15999984741211
2021-09-03,20.350000381469727
2021-09-07,20.299999237060547
2021-09-08,20.190000534057617
2021-09-09,19.850000381469727
2021-09-10,19.450000762939453
2021-09-13,19.3700008392334
2021-09-14,19.40999984741211
2021-09-15,19.18000030517578
2021-09-16,19.110000610351562
2021-09-17,18.90999984741211
2021-09-20,18.600000381469727
2021-09-21,18.670000076293945
2021-09-22,19.010000228881836
2021-09-23,19.219999313354492
2021-09-24,19.219999313354492
2021-09-27,19.3799991607666
2021-09-28,19.25
2021-09-29,19.290000915527344
2021-09-30,19.1200008392334
2021-10-01,19.0
2021-10-04,18.799999237060547
2021-10-05,18.920000076293945
2021-10-06,18.8700008392334
2021-10-07,18.969999313354492
2021-10-08,18.790000915527344
2021-10-11,18.75
2021-10-12,18.510000228881836
2021-10-13,18.56999969482422
2021-10-14,19.040000915527344
2021-10-15,19.649999618530273
2021-10-18,19.6299991607666
2021-10-19,19.540000915527344
2021-10-20,19.739999771118164
2021-10-21,20.040000915527344
2021-10-22,20.219999313354492
2021-10-25,20.110000610351562
2021-10-26,20.290000915527344
2021-10-27,20.229999542236328
2021-10-28,21.06999969482422
2021-10-29,21.079999923706055
2021-11-01,21.219999313354492
2021-11-02,21.09000015258789
2021-11-03,21.25
2021-11-04,21.299999237060547
2021-11-05,21.489999771118164
2021-11-08,21.3799991607666
2021-11-09,21.43000030517578
2021-11-10,21.450000762939453
2021-11-11,21.65999984741211
2021-11-12,21.799999237060547
2021-11-15,21.809999465942383
2021-11-16,21.979999542236328
2021-11-17,21.989999771118164
2021-11-18,22.239999771118164
2021-11-19,22.280000686645508
2021-11-22,22.8799991607666
2021-11-23,22.290000915527344
2021-11-24,22.200000762939453
2021-11-26,22.0
2021-11-29,22.100000381469727
2021-11-30,21.8799991607666
2021-12-01,22.09000015258789
2021-12-02,21.899999618530273
2021-12-03,21.920000076293945
2021-12-06,21.899999618530273
2021-12-07,22.1200008392334
2021-12-08,22.049999237060547
2021-12-09,22.030000686645508
2021-12-10,22.079999923706055
2021-12-13,22.209999084472656
2021-12-14,22.1200008392334
2021-12-15,22.299999237060547
2021-12-16,22.350000381469727
2021-12-17,22.209999084472656
2021-12-20,22.06999969482422
2021-12-21,22.440000534057617
2021-12-22,22.68000030517578
2021-12-23,22.860000610351562
2021-12-27,23.1200008392334
2021-12-28,23.190000534057617
2021-12-29,23.3799991607666
2021-12-30,23.40999984741211
2021-12-31,23.469999313354492
2022-01-03,23.649999618530273
2022-01-04,23.709999084472656
2022-01-05,23.809999465942383
2022-01-06,23.6299991607666
2022-01-07,23.520000457763672
2022-01-10,23.229999542236328
2022-01-11,23.31999969482422
2022-01-12,23.350000381469727
2022-01-13,23.3700008392334
2022-01-14,23.239999771118164
2022-01-18,22.969999313354492
2022-01-19,22.8700008392334
2022-01-20,22.440000534057617
2022-01-21,22.270000457763672
2022-01-24,21.81999969482422
2022-01-25,21.579999923706055
2022-01-26,21.59000015258789
2022-01-27,21.389999389648438
2022-01-28,21.06999969482422
2022-01-31,21.219999313354492
2022-02-01,21.450000762939453
2022-02-02,21.579999923706055
2022-02-03,21.489999771118164
2022-02-04,21.239999771118164
2022-02-07,21.350000381469727
2022-02-08,21.360000610351562
2022-02-09,21.479999542236328
2022-02-10,23.40999984741211
2022-02-11,22.360000610351562
2022-02-14,21.8700008392334
2022-02-15,21.8799991607666
2022-02-16,22.15999984741211
2022-02-17,21.969999313354492
2022-02-18,21.969999313354492
2022-02-22,21.90999984741211
2022-02-23,21.899999618530273
2022-02-24,21.690000534057617
2022-02-25,21.90999984741211
2022-02-28,21.959999084472656
2022-03-01,21.889999389648438
2022-03-02,21.8700008392334
2022-03-03,21.899999618530273
2022-03-04,21.549999237060547
2022-03-07,21.459999084472656
2022-03-08,21.299999237060547
2022-03-09,21.420000076293945
2022-03-10,21.280000686645508
2022-03-11,21.420000076293945
2022-03-14,21.360000610351562
2022-03-15,21.25
2022-03-16,21.6299991607666
2022-03-17,21.559999465942383
2022-03-18,21.670000076293945
2022-03-21,21.850000381469727
2022-03-22,21.920000076293945
2022-03-23,21.709999084472656
2022-03-24,21.760000228881836
2022-03-25,22.280000686645508
2022-03-28,22.34000015258789
2022-03-29,22.81999969482422
2022-03-30,22.93000030517578
2022-03-31,22.440000534057617
2022-04-01,21.56999969482422
2022-04-04,21.549999237060547
2022-04-05,21.459999084472656
2022-04-06,20.489999771118164
2022-04-07,19.940000534057617
2022-04-08,19.760000228881836
2022-04-11,19.5
2022-04-12,19.479999542236328
2022-04-13,19.3700008392334
2022-04-14,19.280000686645508
2022-04-18,19.020000457763672
2022-04-19,19.200000762939453
2022-04-20,19.3700008392334
2022-04-21,19.260000228881836
2022-04-22,18.799999237060547
2022-04-25,18.770000457763672
2022-04-26,18.719999313354492
2022-04-27,18.450000762939453
2022-04-28,18.649999618530273
2022-04-29,19.1200008392334
2022-05-02,18.729999542236328
2022-05-03,19.15999984741211
2022-05-04,19.450000762939453
2022-05-05,19.299999237060547
2022-05-06,19.360000610351562
2022-05-09,19.229999542236328
2022-05-10,18.920000076293945
2022-05-11,19.049999237060547
2022-05-12,18.459999084472656
2022-05-13,19.010000228881836
2022-05-16,18.969999313354492
2022-05-17,19.540000915527344
2022-05-18,19.549999237060547
2022-05-19,19.100000381469727
2022-05-20,19.079999923706055
2022-05-23,18.920000076293945
2022-05-24,18.889999389648438
2022-05-25,18.93000030517578
2022-05-26,19.09000015258789
2022-05-27,19.309999465942383
2022-05-31,19.350000381469727
2022-06-01,19.520000457763672
2022-06-02,19.889999389648438
2022-06-03,19.739999771118164
2022-06-06,19.809999465942383
2022-06-07,19.770000457763672
2022-06-08,19.719999313354492
2022-06-09,19.270000457763672
2022-06-10,18.81999969482422
2022-06-13,18.309999465942383
2022-06-14,18.260000228881836
2022-06-15,18.309999465942383
2022-06-16,17.84000015258789
2022-06-17,17.290000915527344
2022-06-21,17.610000610351562
2022-06-22,17.350000381469727
2022-06-23,17.25
2022-06-24,17.5
2022-06-27,17.81999969482422
2022-06-28,17.8799991607666
2022-06-29,17.540000915527344
2022-06-30,17.510000228881836
2022-07-01,17.34000015258789
2022-07-05,17.059999465942383
2022-07-06,17.25
2022-07-07,17.65999984741211
2022-07-08,17.799999237060547
2022-07-11,17.739999771118164
2022-07-12,17.719999313354492
2022-07-13,17.700000762939453
2022-07-14,17.65999984741211
2022-07-15,17.979999542236328
2022-07-18,18.149999618530273
2022-07-19,18.760000228881836
2022-07-20,19.010000228881836
2022-07-21,19.18000030517578
2022-07-22,19.219999313354492
2022-07-25,18.90999984741211
2022-07-26,19.0
2022-07-27,19.610000610351562
2022-07-28,19.700000762939453
2022-07-29,19.780000686645508
2022-08-01,19.860000610351562
2022-08-02,19.489999771118164
2022-08-03,16.6200008392334
2022-08-04,17.020000457763672
2022-08-05,16.920000076293945
2022-08-08,16.670000076293945
2022-08-09,16.549999237060547
2022-08-10,16.709999084472656
2022-08-11,16.8700008392334
2022-08-12,16.8799991607666
2022-08-15,16.899999618530273
2022-08-16,17.0
2022-08-17,16.84000015258789
2022-08-18,16.989999771118164
2022-08-19,16.90999984741211
2022-08-22,16.40999984741211
2022-08-23,16.450000762939453
2022-08-24,16.360000610351562
2022-08-25,16.84000015258789
2022-08-26,16.739999771118164
2022-08-29,15.960000038146973
2022-08-30,15.819999694824219
2022-08-31,15.479999542236328
2022-09-01,15.020000457763672
2022-09-02,14.739999771118164
2022-09-06,14.329999923706055
2022-09-07,13.859999656677246
2022-09-08,13.770000457763672
2022-09-09,14.15999984741211
2022-09-12,14.600000381469727
2022-09-13,14.239999771118164
2022-09-14,13.859999656677246
2022-09-15,13.829999923706055
2022-09-16,13.329999923706055
2022-09-19,13.390000343322754
2022-09-20,13.010000228881836
2022-09-21,13.119999885559082
2022-09-22,12.729999542236328
2022-09-23,12.630000114440918
2022-09-26,12.829999923706055
2022-09-27,12.539999961853027
2022-09-28,12.59000015258789
2022-09-29,12.359999656677246
2022-09-30,12.539999961853027
2022-10-03,12.489999771118164
2022-10-04,12.90999984741211
2022-10-05,12.890000343322754
2022-10-06,13.130000114440918
2022-10-07,12.899999618530273
2022-10-10,12.6899995803833
2022-10-11,12.350000381469727
2022-10-12,12.09000015258789
2022-10-13,12.3100004196167
2022-10-14,12.289999961853027
2022-10-17,12.579999923706055
2022-10-18,12.880000114440918
2022-10-19,12.489999771118164
2022-10-20,12.520000457763672
2022-10-21,12.619999885559082
2022-10-24,12.600000381469727
2022-10-25,12.789999961853027
2022-10-26,13.0
2022-10-27,13.149999618530273
2022-10-28,14.260000228881836
2022-10-31,13.800000190734863
2022-11-01,14.149999618530273
2022-11-02,14.119999885559082
2022-11-03,13.829999923706055
2022-11-04,14.300000190734863
2022-11-07,14.329999923706055
2022-11-08,14.319999694824219
2022-11-09,14.069999694824219
2022-11-10,14.960000038146973
2022-11-11,15.149999618530273
2022-11-14,15.109999656677246
2022-11-15,15.470000267028809
2022-11-16,15.180000305175781
2022-11-17,14.960000038146973
2022-11-18,15.130000114440918
2022-11-21,14.760000228881836
2022-11-22,14.8100004196167
2022-11-23,15.119999885559082
2022-11-25,15.140000343322754
2022-11-28,15.039999961853027
2022-11-29,14.880000114440918
2022-11-30,15.609999656677246
2022-12-01,16.079999923706055
2022-12-02,16.34000015258789
2022-12-05,16.479999542236328
2022-12-06,16.5
2022-12-07,16.610000610351562
2022-12-08,16.850000381469727
2022-12-09,16.68000030517578
2022-12-12,16.610000610351562
2022-12-13,17.229999542236328
2022-12-14,16.920000076293945
2022-12-15,16.5
2022-12-16,16.110000610351562
2022-12-19,16.139999389648438
2022-12-20,16.190000534057617
2022-12-21,16.280000686645508
2022-12-22,16.260000228881836
2022-12-23,16.270000457763672
2022-12-27,16.489999771118164
2022-12-28,16.43000030517578
2022-12-29,16.600000381469727
2022-12-30,16.520000457763672
2023-01-03,16.889999389648438
2023-01-04,17.15999984741211
2023-01-05,17.420000076293945
2023-01-06,17.770000457763672
2023-01-09,18.25
2023-01-10,17.90999984741211
2023-01-11,17.809999465942383
2023-01-12,17.6299991607666
2023-01-13,17.610000610351562
2023-01-17,17.670000076293945
2023-01-18,18.059999465942383
2023-01-19,18.200000762939453
2023-01-20,18.350000381469727
2023-01-23,18.950000762939453
2023-01-24,18.989999771118164
2023-01-25,18.829999923706055
2023-01-26,19.18000030517578
2023-01-27,19.190000534057617
2023-01-30,19.079999923706055
2023-01-31,19.25
2023-02-01,19.84000015258789
2023-02-02,20.25
2023-02-03,20.040000915527344
2023-02-06,19.440000534057617
2023-02-07,19.149999618530273
2023-02-08,19.010000228881836
2023-02-09,19.1299991607666
2023-02-10,17.739999771118164
2023-02-13,17.920000076293945
2023-02-14,18.0
2023-02-15,18.18000030517578
2023-02-16,17.969999313354492
2023-02-17,17.729999542236328
2023-02-21,17.459999084472656
2023-02-22,17.100000381469727
2023-02-23,17.170000076293945
2023-02-24,16.889999389648438
2023-02-27,16.8799991607666
2023-02-28,17.209999084472656
2023-03-01,17.309999465942383
2023-03-02,17.100000381469727
2023-03-03,17.270000457763672
2023-03-06,17.290000915527344
2023-03-07,16.690000534057617
2023-03-08,16.760000228881836
2023-03-09,16.969999313354492
2023-03-10,16.6200008392334
2023-03-13,16.450000762939453
2023-03-14,16.540000915527344
2023-03-15,16.229999542236328
2023-03-16,16.420000076293945
2023-03-17,16.309999465942383
2023-03-20,16.360000610351562
2023-03-21,16.520000457763672
2023-03-22,16.520000457763672
2023-03-23,16.43000030517578
2023-03-24,16.360000610351562
2023-03-27,16.450000762939453
2023-03-28,16.469999313354492
2023-03-29,16.719999313354492
2023-03-30,16.899999618530273
2023-03-31,17.0
2023-04-03,17.020000457763672
2023-04-04,16.940000534057617
2023-04-05,16.709999084472656
2023-04-06,16.670000076293945
2023-04-10,16.799999237060547
2023-04-11,16.969999313354492
2023-04-12,16.959999084472656
2023-04-13,16.670000076293945
2023-04-14,16.610000610351562
2023-04-17,16.600000381469727
2023-04-18,16.729999542236328
2023-04-19,16.479999542236328
2023-04-20,16.56999969482422
2023-04-21,16.5
2023-04-24,16.43000030517578
2023-04-25,16.059999465942383
2023-04-26,15.789999961853027
2023-04-27,15.84000015258789
2023-04-28,18.1200008392334
2023-05-01,17.020000457763672
2023-05-02,16.670000076293945
2023-05-03,16.5
2023-05-04,16.110000610351562
2023-05-05,16.329999923706055
2023-05-08,16.260000228881836
2023-05-09,15.9399995803833
2023-05-10,16.229999542236328
2023-05-11,16.290000915527344
2023-05-12,16.280000686645508
2023-05-15,16.559999465942383
2023-05-16,16.420000076293945
2023-05-17,16.579999923706055
2023-05-18,16.690000534057617
2023-05-19,16.5
2023-05-22,16.639999389648438
2023-05-23,17.100000381469727
2023-05-24,16.65999984741211
2023-05-25,17.18000030517578
2023-05-26,17.760000228881836
2023-05-30,18.110000610351562
2023-05-31,18.100000381469727
2023-06-01,17.959999084472656
2023-06-02,17.5
2023-06-05,17.200000762939453
2023-06-06,17.3799991607666
2023-06-07,17.739999771118164
2023-06-08,17.579999923706055
2023-06-09,17.420000076293945
2023-06-12,17.469999313354492
2023-06-13,17.670000076293945
2023-06-14,17.75
2023-06-15,17.549999237060547
2023-06-16,17.93000030517578
2023-06-20,17.90999984741211
2023-06-21,18.040000915527344
2023-06-22,17.950000762939453
2023-06-23,17.520000457763672
2023-06-26,17.56999969482422
2023-06-27,17.65999984741211
2023-06-28,17.56999969482422
2023-06-29,18.020000457763672
2023-06-30,18.200000762939453
2023-07-03,18.110000610351562
2023-07-05,18.100000381469727
2023-07-06,17.649999618530273
2023-07-07,17.790000915527344
2023-07-10,17.809999465942383
2023-07-11,17.959999084472656
2023-07-12,18.40999984741211
2023-07-13,18.440000534057617
2023-07-14,18.18000030517578
2023-07-17,18.010000228881836
2023-07-18,17.860000610351562
2023-07-19,17.90999984741211
2023-07-20,17.59000015258789
2023-07-21,17.68000030517578
2023-07-24,17.799999237060547
2023-07-25,17.65999984741211
2023-07-26,17.959999084472656
2023-07-27,18.06999969482422
2023-07-28,17.889999389648438
2023-07-31,18.34000015258789
2023-08-01,18.459999084472656
2023-08-02,18.329999923706055
2023-08-03,17.719999313354492
2023-08-04,17.450000762939453
2023-08-07,16.81999969482422
2023-08-08,16.709999084472656
2023-08-09,17.18000030517578
2023-08-10,17.239999771118164
2023-08-11,16.790000915527344
2023-08-14,16.739999771118164
2023-08-15,16.739999771118164
2023-08-16,16.56999969482422
2023-08-17,16.700000762939453
2023-08-18,16.610000610351562
2023-08-21,16.510000228881836
2023-08-22,16.510000228881836
2023-08-23,16.5
2023-08-24,16.459999084472656
2023-08-25,16.290000915527344
2023-08-28,16.420000076293945
2023-08-29,16.229999542236328
2023-08-30,16.329999923706055
2023-08-31,16.290000915527344
2023-09-01,16.190000534057617
2023-09-05,15.59000015258789
2023-09-06,15.670000076293945
2023-09-07,15.100000381469727
2023-09-08,14.770000457763672
2023-09-11,14.609999656677246
2023-09-12,14.350000381469727
2023-09-13,14.1899995803833
2023-09-14,14.390000343322754
2023-09-15,14.5
2023-09-18,15.390000343322754
2023-09-19,15.390000343322754
2023-09-20,15.270000457763672
2023-09-21,15.050000190734863
2023-09-22,14.949999809265137
2023-09-25,14.829999923706055
2023-09-26,14.930000305175781
2023-09-27,14.829999923706055
2023-09-28,14.9399995803833
2023-09-29,15.0600004196167
2023-10-02,14.890000343322754
2023-10-03,14.960000038146973
2023-10-04,14.829999923706055
2023-10-05,14.699999809265137
2023-10-06,14.829999923706055
2023-10-09,14.680000305175781
2023-10-10,14.770000457763672
2023-10-11,14.5600004196167
2023-10-12,14.4399995803833
2023-10-13,14.25
2023-10-16,14.050000190734863
2023-10-17,14.140000343322754
2023-10-18,13.880000114440918
2023-10-19,13.770000457763672
2023-10-20,13.65999984741211
2023-10-23,13.489999771118164
2023-10-24,13.529999732971191
2023-10-25,13.449999809265137
2023-10-26,13.579999923706055
2023-10-27,13.229999542236328
2023-10-30,13.149999618530273
2023-10-31,13.130000114440918
2023-11-01,13.119999885559082
2023-11-02,13.59000015258789
2023-11-03,16.81999969482422
2023-11-06,16.170000076293945
2023-11-07,16.049999237060547
2023-11-08,15.720000267028809
2023-11-09,15.59000015258789
2023-11-10,15.5600004196167
2023-11-13,15.569999694824219
2023-11-14,16.219999313354492
2023-11-15,16.299999237060547
2023-11-16,16.260000228881836
2023-11-17,16.389999389648438
2023-11-20,16.399999618530273
2023-11-21,16.389999389648438
2023-11-22,16.479999542236328
2023-11-24,16.309999465942383
2023-11-27,16.260000228881836
2023-11-28,16.110000610351562
2023-11-29,16.31999969482422
2023-11-30,15.960000038146973
2023-12-01,16.190000534057617
2023-12-04,16.239999771118164
2023-12-05,16.190000534057617
2023-12-06,16.260000228881836
2023-12-07,16.100000381469727
2023-12-08,16.239999771118164
2023-12-11,16.329999923706055
2023-12-12,16.510000228881836
2023-12-13,17.049999237060547
2023-12-14,17.850000381469727
2023-12-15,17.920000076293945
2023-12-18,17.920000076293945
2023-12-19,18.209999084472656
2023-12-20,18.299999237060547
2023-12-21,18.0
2023-12-22,18.209999084472656
2023-12-26,18.329999923706055
2023-12-27,18.479999542236328
2023-12-28,18.3700008392334
2023-12-29,18.280000686645508
2024-01-02,17.809999465942383
2024-01-03,17.459999084472656
2024-01-04,17.1299991607666
2024-01-05,17.040000915527344
2024-01-08,17.15999984741211
2024-01-09,16.889999389648438
2024-01-10,17.0
2024-01-11,17.020000457763672
2024-01-12,17.219999313354492
2024-01-16,16.719999313354492
2024-01-17,16.520000457763672
2024-01-18,16.6299991607666
2024-01-19,16.84000015258789
2024-01-22,17.34000015258789
2024-01-23,17.579999923706055
2024-01-24,17.450000762939453
2024-01-25,17.520000457763672
2024-01-26,17.290000915527344
2024-01-29,17.239999771118164
2024-01-30,17.190000534057617
2024-01-31,16.809999465942383
2024-02-01,16.56999969482422
2024-02-02,16.520000457763672
2024-02-05,16.479999542236328
2024-02-06,16.579999923706055
2024-02-07,16.540000915527344
2024-02-08,16.520000457763672
2024-02-09,16.360000610351562
2024-02-12,16.579999923706055
2024-02-13,15.770000457763672
2024-02-14,15.649999618530273
2024-02-15,16.360000610351562
2024-02-16,16.8700008392334
2024-02-20,16.760000228881836
2024-02-21,16.969999313354492
2024-02-22,17.06999969482422
2024-02-23,16.8700008392334
2024-02-26,16.670000076293945
2024-02-27,16.65999984741211
2024-02-28,16.649999618530273
2024-02-29,16.729999542236328
2024-03-01,16.75
2024-03-04,16.75
2024-03-05,16.450000762939453
2024-03-06,16.579999923706055
2024-03-07,16.610000610351562
2024-03-08,16.84000015258789
2024-03-11,16.579999923706055
2024-03-12,16.469999313354492
2024-03-13,16.079999923706055
2024-03-14,15.619999885559082
2024-03-15,15.300000190734863
2024-03-18,15.460000038146973
2024-03-19,15.3100004196167
2024-03-20,15.5600004196167
2024-03-21,15.710000038146973
2024-03-22,15.619999885559082
2024-03-25,15.470000267028809
2024-03-26,15.460000038146973
2024-03-27,15.779999732971191
2024-03-28,16.139999389648438
2024-04-01,16.360000610351562
2024-04-02,16.309999465942383
2024-04-03,16.190000534057617
2024-04-04,16.350000381469727
2024-04-05,16.030000686645508
2024-04-08,16.229999542236328
2024-04-09,16.34000015258789
2024-04-10,15.880000114440918
2024-04-11,16.149999618530273
2024-04-12,16.06999969482422
2024-04-15,15.880000114440918
2024-04-16,15.680000305175781
2024-04-17,15.6899995803833
2024-04-18,15.579999923706055
2024-04-19,15.449999809265137
2024-04-22,15.619999885559082
2024-04-23,16.020000457763672
2024-04-24,16.170000076293945
2024-04-25,16.020000457763672
2024-04-26,16.139999389648438
2024-04-29,16.309999465942383
2024-04-30,16.260000228881836
2024-05-01,16.139999389648438
2024-05-02,16.729999542236328
2024-05-03,16.649999618530273
2024-05-06,17.0
2024-05-07,17.219999313354492
2024-05-08,17.149999618530273
2024-05-09,17.459999084472656
2024-05-10,17.479999542236328
2024-05-13,17.610000610351562
2024-05-14,17.850000381469727
2024-05-15,17.700000762939453
2024-05-16,17.6200008392334
2024-05-17,17.809999465942383
2024-05-20,17.68000030517578
2024-05-21,17.469999313354492
2024-05-22,17.860000610351562
2024-05-23,17.709999084472656
2024-05-24,17.649999618530273
2024-05-28,17.549999237060547
2024-05-29,17.309999465942383
2024-05-30,17.770000457763672
2024-05-31,17.84000015258789
2024-06-03,17.729999542236328
2024-06-04,17.549999237060547
2024-06-05,17.729999542236328
2024-06-06,17.790000915527344
2024-06-07,17.75
2024-06-10,17.610000610351562
2024-06-11,17.510000228881836
2024-06-12,18.360000610351562
2024-06-13,17.989999771118164
2024-06-14,17.65999984741211
2024-06-17,17.8700008392334
2024-06-18,17.90999984741211
2024-06-20,17.420000076293945
2024-06-21,17.219999313354492
2024-06-24,17.309999465942383
2024-06-25,17.18000030517578
2024-06-26,17.190000534057617
2024-06-27,17.079999923706055
2024-06-28,17.329999923706055
2024-07-01,17.280000686645508
2024-07-02,17.200000762939453
2024-07-03,17.219999313354492
2024-07-05,17.0
2024-07-08,17.40999984741211
2024-07-09,17.649999618530273
2024-07-10,17.760000228881836
2024-07-11,18.530000686645508
2024-07-12,18.979999542236328
2024-07-15,19.040000915527344
2024-07-16,19.459999084472656
2024-07-17,19.729999542236328
2024-07-18,19.469999313354492
2024-07-19,18.670000076293945
2024-07-22,18.780000686645508
2024-07-23,18.8700008392334
2024-07-24,18.8799991607666
2024-07-25,18.670000076293945
2024-07-26,18.719999313354492
2024-07-29,18.739999771118164
2024-07-30,18.559999465942383
2024-07-31,18.969999313354492
2024-08-01,18.59000015258789
2024-08-02,17.270000457763672
2024-08-05,16.770000457763672
2024-08-06,17.010000228881836
2024-08-07,16.959999084472656
2024-08-08,17.239999771118164
2024-08-09,17.25
2024-08-12,17.139999389648438
2024-08-13,17.469999313354492
2024-08-14,17.5
2024-08-15,17.799999237060547
2024-08-16,17.809999465942383
2024-08-19,18.010000228881836
2024-08-20,17.940000534057617
2024-08-21,18.0
2024-08-22,18.110000610351562
2024-08-23,18.510000228881836
2024-08-26,18.610000610351562
2024-08-27,18.440000534057617
2024-08-28,18.270000457763672
2024-08-29,18.639999389648438
2024-08-30,18.540000915527344
2024-09-03,18.309999465942383
2024-09-04,17.579999923706055
2024-09-05,17.43000030517578
2024-09-06,17.260000228881836
2024-09-09,17.34000015258789
2024-09-10,16.81999969482422
2024-09-11,16.8700008392334
2024-09-12,17.0
2024-09-13,17.43000030517578
2024-09-16,17.31999969482422
2024-09-17,17.670000076293945
2024-09-18,17.719999313354492
2024-09-19,17.969999313354492
2024-09-20,18.15999984741211
2024-09-23,17.56999969482422
2024-09-24,17.65999984741211
2024-09-25,17.829999923706055
2024-09-26,18.040000915527344
2024-09-27,18.270000457763672
2024-09-30,18.110000610351562
2024-10-01,17.979999542236328
2024-10-02,17.920000076293945
2024-10-03,17.520000457763672
2024-10-04,17.75
2024-10-07,17.559999465942383
2024-10-08,17.399999618530273
2024-10-09,17.610000610351562
2024-10-10,17.239999771118164
2024-10-11,17.709999084472656
2024-10-14,17.90999984741211
2024-10-15,17.989999771118164
2024-10-16,17.950000762939453
2024-10-17,18.100000381469727
2024-10-18,18.100000381469727
2024-10-21,17.739999771118164
2024-10-22,17.40999984741211
2024-10-23,17.350000381469727
2024-10-24,17.270000457763672
2024-10-25,18.15999984741211
2024-10-28,18.290000915527344
2024-10-29,18.25
2024-10-30,18.100000381469727
2024-10-31,17.579999923706055
2024-11-01,17.59000015258789
2024-11-04,17.709999084472656
2024-11-05,17.81999969482422
2024-11-06,19.360000610351562
2024-11-07,19.489999771118164
2024-11-08,19.329999923706055
2024-11-11,19.489999771118164
2024-11-12,19.440000534057617
2024-11-13,18.860000610351562
2024-11-14,18.489999771118164
2024-11-15,18.440000534057617
2024-11-18,18.239999771118164
2024-11-19,18.149999618530273
2024-11-20,18.15999984741211
2024-11-21,18.770000457763672
2024-11-22,18.959999084472656
2024-11-25,19.739999771118164
2024-11-26,19.639999389648438
2024-11-27,19.479999542236328
2024-11-29,19.639999389648438
2024-12-02,20.270000457763672
2024-12-03,20.209999084472656
2024-12-04,20.110000610351562
2024-12-05,19.93000030517578
2024-12-06,19.65999984741211
2024-12-09,20.200000762939453
2024-12-10,19.780000686645508
2024-12-11,19.81999969482422
2024-12-12,20.010000228881836
2024-12-13,19.829999923706055
2024-12-16,20.489999771118164
2024-12-17,20.280000686645508
2024-12-18,20.200000762939453
2024-12-19,19.639999389648438
2024-12-20,19.829999923706055
2024-12-23,19.799999237060547
2024-12-24,19.93000030517578
2024-12-26,20.18000030517578
2024-12-27,20.219999313354492
2024-12-30,20.1299991607666
2024-12-31,20.18000030517578
2025-01-02,20.280000686645508
2025-01-03,20.290000915527344
2025-01-06,20.739999771118164
2025-01-07,20.860000610351562
2025-01-08,20.079999923706055
2025-01-10,19.739999771118164
2025-01-13,19.389999389648438
2025-01-14,19.760000228881836
2025-01-15,20.170000076293945
2025-01-16,20.170000076293945
2025-01-17,20.450000762939453
2025-01-21,20.770000457763672
2025-01-22,20.809999465942383
2025-01-23,20.43000030517578
2025-01-24,20.360000610351562
2025-01-27,19.850000381469727
2025-01-28,19.399999618530273
2025-01-29,19.440000534057617
2025-01-30,19.43000030517578
2025-01-31,19.329999923706055
2025-02-03,18.600000381469727
2025-02-04,18.649999618530273
2025-02-05,18.860000610351562
2025-02-06,18.940000534057617
2025-02-07,18.6200008392334
2025-02-10,18.40999984741211
2025-02-11,18.559999465942383
2025-02-12,18.239999771118164
2025-02-13,18.260000228881836
2025-02-14,18.649999618530273
2025-02-18,18.739999771118164
2025-02-19,18.530000686645508
2025-02-20,18.059999465942383
2025-02-21,18.200000762939453
2025-02-24,17.780000686645508
2025-02-25,17.68000030517578
2025-02-26,17.450000762939453
2025-02-27,17.18000030517578
2025-02-28,16.770000457763672
2025-03-03,16.65999984741211
2025-03-04,16.149999618530273
2025-03-05,16.31999969482422
2025-03-06,16.43000030517578
2025-03-07,16.40999984741211
2025-03-10,16.489999771118164
2025-03-11,16.81999969482422
2025-03-12,16.450000762939453
2025-03-13,16.440000534057617
2025-03-14,16.100000381469727
2025-03-17,16.25
2025-03-18,16.239999771118164
2025-03-19,16.530000686645508
2025-03-20,16.440000534057617
2025-03-21,16.059999465942383
2025-03-24,16.450000762939453
2025-03-25,16.34000015258789
2025-03-26,16.219999313354492
2025-03-27,16.049999237060547
2025-03-28,15.920000076293945
2025-03-31,15.319999694824219
2025-04-01,15.420000076293945
2025-04-02,15.3100004196167
2025-04-03,14.4399995803833
2025-04-04,12.960000038146973
2025-04-07,13.550000190734863
2025-04-08,13.760000228881836
2025-04-09,15.229999542236328
2025-04-10,14.6899995803833
2025-04-11,14.680000305175781
2025-04-14,15.0
2025-04-15,14.729999542236328
2025-04-16,14.510000228881836
2025-04-17,14.460000038146973
2025-04-21,14.329999923706055
2025-04-22,14.670000076293945
2025-04-23,15.279999732971191
2025-04-24,15.6899995803833
2025-04-25,16.100000381469727
2025-04-28,16.209999084472656
2025-04-29,16.049999237060547
2025-04-30,15.8100004196167
2025-05-01,16.100000381469727
2025-05-02,16.579999923706055
2025-05-05,16.43000030517578
2025-05-06,16.280000686645508
2025-05-07,16.31999969482422
2025-05-08,16.65999984741211
2025-05-09,16.600000381469727
2025-05-12,17.56999969482422
2025-05-13,17.6200008392334
2025-05-14,17.350000381469727
2025-05-15,17.280000686645508
2025-05-16,17.149999618530273
2025-05-19,17.010000228881836
2025-05-20,17.030000686645508
2025-05-21,16.739999771118164
2025-05-22,16.639999389648438
2025-05-23,16.34000015258789
2025-05-27,16.709999084472656
2025-05-28,16.65999984741211
2025-05-29,16.59000015258789
2025-05-30,16.469999313354492
2025-06-02,16.459999084472656
2025-06-03,16.639999389648438
2025-06-04,16.790000915527344
2025-06-05,16.760000228881836
2025-06-06,17.229999542236328
2025-06-09,17.670000076293945
2025-06-10,17.700000762939453
2025-06-11,17.850000381469727
2025-06-12,17.56999969482422
2025-06-13,17.15999984741211
2025-06-16,17.239999771118164
2025-06-17,17.200000762939453
2025-06-18,17.280000686645508
2025-06-20,17.260000228881836
2025-06-23,17.540000915527344
2025-06-24,17.770000457763672
2025-06-25,17.700000762939453
2025-06-26,17.989999771118164
2025-06-27,18.09000015258789
2025-06-30,18.030000686645508
2025-07-01,18.059999465942383
2025-07-02,18.1299991607666
2025-07-03,18.309999465942383
2025-07-07,18.239999771118164
2025-07-08,18.290000915527344
2025-07-09,18.229999542236328
2025-07-10,18.59000015258789
2025-07-11,18.459999084472656
2025-07-14,18.299999237060547
2025-07-15,18.25
2025-07-16,17.690000534057617
2025-07-17,17.950000762939453
2025-07-18,18.020000457763672
2025-07-21,18.0
2025-07-22,18.469999313354492
2025-07-23,19.010000228881836
2025-07-24,19.079999923706055
2025-07-25,20.799999237060547
2025-07-28,20.8700008392334
2025-07-29,21.3700008392334
2025-07-30,21.18000030517578
2025-07-31,20.56999969482422
2025-08-01,20.09000015258789
2025-08-04,20.139999389648438
2025-08-05,20.149999618530273
2025-08-06,19.969999313354492
2025-08-07,19.860000610351562
2025-08-08,20.010000228881836
2025-08-11,20.15999984741211
2025-08-12,20.610000610351562
2025-08-13,21.079999923706055
2025-08-14,20.8700008392334
2025-08-15,20.670000076293945
2025-08-18,20.739999771118164
2025-08-19,20.81999969482422
2025-08-20,20.600000381469727
2025-08-21,20.459999084472656
2025-08-22,21.690000534057617
2025-08-25,21.690000534057617
2025-08-26,21.6299991607666
2025-08-27,21.59000015258789
2025-08-28,21.739999771118164
2025-08-29,21.719999313354492
2025-09-02,20.979999542236328
2025-09-03,21.040000915527344
2025-09-04,21.639999389648438
2025-09-05,21.979999542236328
2025-09-08,21.65999984741211
2025-09-09,21.440000534057617
2025-09-10,21.6200008392334
2025-09-11,22.309999465942383
2025-09-12,22.309999465942383
2025-09-15,22.649999618530273
2025-09-16,22.299999237060547
2025-09-17,22.540000915527344
2025-09-18,23.030000686645508
2025-09-19,22.899999618530273
2025-09-22,22.959999084472656
2025-09-23,23.290000915527344
2025-09-24,23.3700008392334
2025-09-25,23.200000762939453
2025-09-26,23.3700008392334
2025-09-29,23.579999923706055
2025-09-30,23.489999771118164
2025-10-01,23.920000076293945
2025-10-02,24.059999465942383
2025-10-03,24.479999542236328
2025-10-06,24.520000457763672
2025-10-07,24.540000915527344
2025-10-08,23.719999313354492
2025-10-09,23.770000457763672
2025-10-10,23.760000228881836
2025-10-13,23.09000015258789
2025-10-14,23.010000228881836
2025-10-15,23.709999084472656
2025-10-16,23.8799991607666
2025-10-17,23.6200008392334
2025-10-20,24.06999969482422
2025-10-21,23.940000534057617
2025-10-22,23.809999465942383
2025-10-23,24.030000686645508
2025-10-24,24.309999465942383
2025-10-27,24.489999771118164
2025-10-28,23.649999618530273
2025-10-29,24.290000915527344
2025-10-30,24.030000686645508
2025-10-31,23.860000610351562
2025-11-03,23.8799991607666
2025-11-04,23.510000228881836
2025-11-05,23.270000457763672
2025-11-06,23.239999771118164
2025-11-07,22.600000381469727
2025-11-10,23.760000228881836
2025-11-11,22.65999984741211
2025-11-12,22.989999771118164
2025-11-13,22.520000457763672
2025-11-14,21.770000457763672
2025-11-17,21.729999542236328
2025-11-18,21.3700008392334
2025-11-19,21.459999084472656
2025-11-20,21.799999237060547
2025-11-21,21.559999465942383
2025-11-24,21.899999618530273
2025-11-25,22.579999923706055
2025-11-26,22.829999923706055
2025-11-28,22.600000381469727
2025-12-01,22.479999542236328
2025-12-02,22.959999084472656
2025-12-03,23.020000457763672
2025-12-04,23.600000381469727
2025-12-05,23.700000762939453
2025-12-08,23.709999084472656
2025-12-09,23.700000762939453
2025-12-10,24.100000381469727
2025-12-11,24.18000030517578
2025-12-12,24.100000381469727
2025-12-15,23.020000457763672
2025-12-16,22.6299991607666
2025-12-17,22.610000610351562
2025-12-18,22.299999237060547
2025-12-19,22.110000610351562
2025-12-22,22.420000076293945
2025-12-23,22.1299991607666
2025-12-24,22.170000076293945
2025-12-26,22.18000030517578
2025-12-29,21.950000762939453
2025-12-30,21.790000915527344
2025-12-31,21.799999237060547
2026-01-02,21.989999771118164
2026-01-05,22.719999313354492
2026-01-06,23.600000381469727
2026-01-07,23.489999771118164
2026-01-08,22.6299991607666
2026-01-09,23.139999389648438
2026-01-12,23.229999542236328
2026-01-13,23.559999465942383
2026-01-14,24.059999465942383
2026-01-15,25.239999771118164
2026-01-16,25.06999969482422
2026-01-20,24.479999542236328
2026-01-21,25.049999237060547
2026-01-22,25.329999923706055
2026-01-23,24.75
2026-01-26,24.329999923706055
2026-01-27,24.530000686645508
2026-01-28,24.68000030517578
2026-01-29,24.709999084472656
2026-01-30,24.579999923706055
2026-02-02,25.40999984741211
2026-02-03,25.56999969482422
2026-02-04,25.40999984741211
2026-02-05,24.899999618530273
2026-02-06,27.360000610351562
2026-02-09,27.549999237060547
2026-02-10,27.3799991607666
2026-02-11,27.729999542236328
2026-02-12,27.219999313354492
2026-02-13,27.40999984741211
2026-02-17,27.56999969482422
2026-02-18,27.360000610351562
2026-02-19,27.40999984741211
2026-02-20,27.770000457763672
2026-02-23,27.549999237060547
2026-02-24,28.469999313354492
2026-02-25,28.719999313354492
2026-02-26,28.739999771118164
2026-02-27,27.579999923706055
2026-03-02,27.709999084472656
2026-03-03,26.770000457763672
2026-03-04,26.829999923706055
2026-03-05,26.459999084472656
2026-03-06,25.239999771118164
2026-03-09,25.170000076293945
2026-03-10,26.1299991607666
2026-03-11,25.5
2026-03-12,25.790000915527344
2026-03-13,25.43000030517578
2026-03-16,25.59000015258789
2026-03-17,25.049999237060547
2026-03-18,25.110000610351562
2026-03-19,25.06999969482422
2026-03-20,24.860000610351562
2026-03-23,25.700000762939453
2026-03-24,26.34000015258789
2026-03-25,26.770000457763672
2026-03-26,26.389999389648438
2026-03-27,25.950000762939453
